0.00125,1,1,"-0.000012300545497191616",1.0000000000000004,-14.535021700649391,3.7974389236352155,215.51137685922046,0.118,"-0.000012300545497191616",-0.002762490175709075,-0.0019255252217986838,"-0.001124571264999418","-0.0005006352220770016","-0.0001366199294389109","-0.000012300545497191616","-2.4236725816167056*^-8","-9.838708843235762*^-34","0.04248435520434066 - 0.12338834194787617*I"
0.00375,1,1,"-0.007963311450723775",1.0000000000000004,-9.503940588629755,-16.493237506034156,34.58185494216304,0.118,"-0.007963311450723775",0.01432568534794858,0.007816366221390652,"0.002339242739763087","-0.0021049577390901283","-0.005529307746750759","-0.007963311450723775","-0.009455726036382303","-0.010077468496132525","-0.009924414090243722"
0.00625,1,1,"0.017796876609395745",1.0000000000000004,-7.5102032174189235,-18.965565060052487,-12.027759860177213,0.118,"0.017796876609395745",0.07034959446143002,0.058170731458813435,"0.04677801976961433","0.03622054083639115","0.026545447075599877","0.017796876609395745","0.010014654529406123","0.003232751835772509","-0.0025225274615457063"
0.008749999999999999,1,1,"0.062144726091048375",1.0000000000000004,-6.316233256799769,-18.985235139404836,-31.144132163798705,0.118,"0.062144726091048375",0.1315727648242234,0.11657351099791745,"0.10208055944873558","0.08814373136944527","0.07481431715466262","0.062144726091048375","0.05018803572098339","0.03899742248676633","0.028625452574360267"
0.01125,1,1,"0.11135420002720728",1.0000000000000004,-5.4860449329790955,-18.36950343797665,-40.235612282902515,0.118,"0.11135420002720728",0.18955152600801575,0.17323236867650038,"0.15720988367945282","0.14152610158068146","0.12622535222186915","0.11135420002720728","0.09696133404123251","0.08309740292995635","0.06981478348475742"
0.01375,1,1,"0.16018563455861756",1.0000000000000002,-4.860883259848454,-17.571888077888822,-44.723811973025875,0.118,"0.16018563455861756",0.24254736568650126,0.22571131458767227,"0.2090222512713212","0.1925138703711597","0.17622219721596674","0.16018563455861756","0.14444498977505194","0.12904347735751703","0.11402669055226018"
0.01625,1,1,"0.20671732435553955",1.0000000000000007,-4.36595760515602,-16.740537728442664,-46.81412104677235,0.118,"0.20671732435553955",0.2905585603944565,0.2736548157892598,"0.2567912644568431","0.2399943952985149","0.22329281275990254","0.20671732435553955","0.19030102101311086","0.1740793474692246","0.15809015938517304"
0.018750000000000003,1,1,"0.25032718105834517",1.0000000000000004,-3.9604025683466406,-15.929712775766093,-47.55516625302207,0.118,"0.25032718105834517",0.33403851932078554,0.317326316513226,"0.3005775451859027","0.2838128109614012","0.26705456073181627","0.25032718105834517","0.2336570954160231","0.21707285880845878","0.20060524794607054"
0.02125,1,1,"0.29092222825409025",1.0000000000000009,-3.6195947249145544,-15.159388597529851,-47.499275326906165,0.118,"0.29092222825409025",0.37352183483128776,0.35715279529648375,"0.3406916329003618","0.324154233306346","0.3075580554988658","0.29092222825409025","0.2742676483659408","0.25761707986484533","0.24099525326876903"
0.02375,1,1,"0.32862525008434246",1.0000000000000013,-3.3276241620817446,-14.435722230883352,-46.959076691836074,0.118,"0.32862525008434246",0.4095115642102629,0.39357366809237776,"0.37750329915118236","0.36131257143086454","0.34501493196345817","0.32862525008434246","0.31215990982837427","0.29563690504423495","0.2790759367452424"
0.026250000000000002,1,1,"0.3636404485280788",0.9999999999999994,-3.073656683387824,-13.759030553553307,-46.121110747923545,0.118,"0.3636404485280788",0.4424496156994728,0.4269919472245452,"0.4113725291211225","0.3956004580246261","0.3796859555191377","0.3636404485280788","0.3474766532896474","0.33120866278119765","0.3148520373847108"
0.02875,1,1,"0.3961941262545505",0.9999999999999999,-2.8500056123526374,-13.12717348026319,-45.101173919603596,0.118,"0.3961941262545505",0.47271455936097984,0.45776185063051544,"0.44262629680123844","0.42731457303631587","0.41183430222346673","0.3961941262545505","0.38040378096781635","0.3644741747447807","0.34841747071063484"
0.03125,1,1,"0.42650854556817763",1.0000000000000002,-2.6510346548182593,-12.537067505863135,-43.97332345539011,0.118,"0.42650854556817763",0.500627996151028,0.4861894846412459,"0.4715531536228632","0.4567237281280278","0.44170673099848606","0.42650854556817763","0.41113648187013574","0.39559884643008836","0.3799050156840111"
0.03375,1,1,"0.45479101197195326",1.0000000000000007,-2.472497512331581,-11.985381054688565,-42.78598289651654,0.118,"0.45479101197195326",0.5264628526709471,0.5125378344795114,"0.49840465090231956","0.4840664512053649","0.46952705597070943","0.45479101197195326","0.4398636503329751","0.4247511480689938","0.409460593095128"
0.036250000000000004,1,1,"0.48123007909915805",1.0000000000000007,-2.3111217602824508,-11.468852622769816,-41.571313655462205,0.118,"0.48123007909915805",0.5504513171272344,0.5370327114651732,"0.5233991252528838","0.5095524309745554","0.49549506571700147","0.48123007909915805","0.4667611842029258","0.4520928116211445","0.43723016673166604"
0.03875,1,1,"0.5059950733177656",1.0000000000000009,-2.1643364741649815,-10.98442887129152,-40.35088303046854,0.118,"0.5059950733177656",0.5727917335117045,0.559868414061303,"0.5467260109948895","0.5333653602128863","0.5197877720945255","0.5059950733177656","0.4919896513911481","0.4777745020183938","0.46335327941410104"
0.04125,1,1,"0.5292371067639517",1.0000000000000007,-2.030088123496461,-10.529315236410913,-39.13920491440249,0.118,"0.5292371067639517",0.5936543592445047,0.5812127013517475,"0.5685499509708248","0.5556661015227361","0.5425615446634199","0.5292371067639517","0.515694087823359","0.5019343029330494","0.48796012641217146"
0.043750000000000004,1,1,"0.551090685054056",1.0000000000000004,-1.906712655370966,-10.100984128483557,-37.94601293807453,0.118,"0.551090685054056",0.6131860929736286,0.6012110113621392,"0.5890144511042","0.5765957208748524","0.563954462953693","0.551090685054056","0.5380047943241832","0.5246976336338217","0.5111705202616609"
0.04625,1,1,"0.5716754750020681",1.0000000000000009,-1.792844472927176,-9.697163226385069,-36.777754263126724,0.118,"0.5716754750020681",0.6315143320270344,0.6199899814193293,"0.608245025508687","0.5962782170682254","0.5840885875765295","0.5716754750020681","0.5590385535212983","0.5461778652764135","0.5330938542815153"
0.04875,1,1,"0.5910980269520179",1.0000000000000007,-1.6873503008164314,-9.315815256163656,-35.63859104368515,0.118,"0.5910980269520179",0.6487501166762967,0.637660365932108,"0.6263518605544105","0.6148229031601112","0.6030720283449746","0.5910980269520179","0.5788999720584659","0.5664772467788443","0.5538295739851655"
0.051250000000000004,1,1,"0.6094533619594026",1.000000000000001,-1.5892802393638326,-8.955115014315842,-34.53108345403213,0.118,"0.6094533619594026",0.6649906980609213,0.6543194501936967,"0.6434320548413676","0.6323264516244379","0.6210007722973068","0.6094533619594026","0.5976828017921895","0.585687933411136","0.5734678849252539"
0.05375,1,1,"0.6268263921877082",1.0000000000000013,-1.4978309413501396,-8.613426489540856,-33.45666246033229,0.118,"0.6268263921877082",0.6803216428704973,0.6700530490911663,"0.6595714974899939","0.6488746368050037","0.637960273874474","0.6268263921877082","0.6154711717900243","0.6038930106227585","0.592090547382624"
0.05625,1,1,"0.6432931714830809",1.000000000000001,-1.412317499382478,-8.28928141958259,-32.41596121824593,0.118,"0.6432931714830809",0.6948185659834741,0.6849371662892997,"0.6748464431549743","0.6645438143001655","0.6540268264329182","0.6432931714830809","0.6323407040375035","0.6211674600499877","0.6097716769023865"
0.058750000000000004,1,1,"0.6589219863990536",1.0000000000000007,-1.3321516977542265,-7.9813598271352015,-31.40904987363046,0.118,"0.6589219863990536",0.7085485637656392,0.6990393763215743,"0.6893248348745415","0.6794021759631687","0.6692687401830207","0.6589219863990536","0.6483595070247496","0.6375790444336576","0.626578508572251"
0.06125,1,1,"0.673774303357627",1.000000000000001,-1.2568249853217808,-7.688472670188918,-30.435603416662833,0.118,"0.673774303357627",0.7215714057261896,0.7124199804315222,"0.70306741801273","0.6935108154165472","0.6837473522759047","0.673774303357627","0.6635890519572673","0.653189104300085","0.6425721050101983"
0.06375,1,1,"0.6879055890380625",1.0000000000000004,-1.185894998593025,-7.409546539070901,-29.495022550817925,0.118,"0.6879055890380625",0.7339405302947283,0.7251329772880797,"0.7161286812629467","0.7069246343467972","0.697517893023509","0.6879055890380625","0.6780849411425892","0.6680532677367071","0.657808000457867"
0.06625,1,1,"0.7013660205350761",1.0000000000000007,-1.1189747881026273,-7.143610239430525,-28.586521216843664,0.118,"0.7013660205350761",0.7457038810794282,0.737226881755171,"0.7285576543447784","0.7196931152715508","0.7106302295890835","0.7013660205350761","0.6918975798329517","0.6822220787886787","0.6723367802328102"
0.06875,1,1,"0.7142011004082606",1.0000000000000002,-1.0557241268292281,-6.8897830659335275,-27.709190218347075,0.118,"0.7142011004082606",0.7569046125856078,0.7487454184905253,"0.740398586698878","0.731860982330707","0.7231295056447784","0.7142011004082606","0.7050727629314036","0.6957415518097064","0.6862045984183458"
0.07125000000000001,1,1,"0.7264521900197908",1.0000000000000004,-0.9958424390895831,-6.647264567286526,-26.86204357114224,0.118,"0.7264521900197908",0.7675816885821819,0.7597281120180818,"0.7516915270869466","0.7434687680639926","0.7350566927936053","0.7264521900197908","0.7176521873083455","0.7086536595987802","0.6994536384261175"
0.07375,1,1,"0.7381569728133666",1.0000000000000002,-0.9390630029263228,-6.415325614008802,-26.044052269710853,0.118,"0.7381569728133666",0.7777703917510272,0.770210790819099,"0.7624728204088206","0.7545533011009106","0.7464490671322731","0.7381569728133666","0.7296738994723914","0.7209967629603474","0.7121225217528704"
0.07625,1,1,"0.74934985755917",1.0000000000000007,-0.8851481622964301,-6.193300597707741,-25.25416883026882,0.118,"0.74934985755917",0.787502759665452,0.780226019712395,"0.772775535124708","0.765148127154667","0.7573406222281998","0.74934985755917","0.7411726872329727","0.7328059887898926","0.7242466703404093"
0.07875,1,1,"0.7600623301327049",1.0000000000000009,-0.8338853466411058,-5.980580610008581,-24.491345036771072,0.118,"0.7600623301327049",0.7968079593041882,0.7898034721741899,"0.7826298322971204","0.775283873612965","0.7677624279901282","0.7600623301327049","0.7521804229060545","0.7441135631079291","0.7358586277139701"
0.08125,1,1,"0.7703232611231999",1.000000000000001,-0.7850837409962559,-5.776607468420773,-23.75454465643828,0.118,"0.7703232611231999",0.8057126100508438,0.7989702521468841,"0.7920632853405952","0.7849885662875667","0.777742943398438","0.7703232611231999","0.7627263646085232","0.7549491047524998","0.7469883436826058"
0.08375,1,1,"0.7801591754729802",1.0000000000000002,-0.738571484058302,-5.5808684741742915,-23.042752420377923,0.118,"0.7801591754729802",0.8142410633277296,0.8077511731956427,"0.8011011580018272","0.7942879054593476","0.7873082897927377","0.7801591754729802","0.7728374212852781","0.7653398847514515","0.7576634269301077"
0.08625000000000001,1,1,"0.7895944894163933",1.0000000000000004,-0.6941932976130597,-5.392891802972667,-22.3549802256036,0.118,"0.7895944894163933",0.8224156455689657,0.8161690015068791,"0.809766646818036","0.8032055071822479","0.7964824903547353","0.7895944894163933","0.7825383863210587","0.7753110557594021","0.7679093693601086"
0.08875000000000001,1,1,"0.798651719196241",1,-0.651808470637338,-5.212242443586405,-21.690271268374005,0.118,"0.798651719196241",0.8302568700745129,0.8242446681168419,"0.8180810932607666","0.811763114842791","0.8052876805407726","0.798651719196241","0.7918521439019066","0.7848858553719145","0.7777497456134113"
0.09125,1,1,"0.8073516653675767",1.0000000000000004,-0.6112891367492974,-5.0385186113267935,-21.047702638502575,0.118,"0.8073516653675767",0.8377836223455577,0.8319974548587238,"0.8260641699202562","0.8199807851739316","0.813744293481615","0.8073516653675767","0.8007998516996914","0.7940857866232053","0.7872063907637558"
0.09375,1,1,"0.8157135759350826",1.0000000000000002,-0.5725187956419273,-4.871348573859276,-20.42638677147481,0.118,"0.8157135759350826",0.8450133227364534,0.8394451577819124,"0.8337340443855701","0.8278770522620486","0.8218712237525228","0.8157135759350826","0.8094011029466984","0.8029307785309058","0.7962995588261184"
0.09625,1,1,"0.8237552910948985",1.0000000000000007,-0.5353910385097822,-4.710387835728194,-19.82547205675811,0.118,"0.8237552910948985",0.8519620696336826,0.8466042311944361,"0.8411075238990322","0.8354690725387702","0.8296859724031115","0.8237552910948985","0.8176740705346743","0.8114393291667281","0.8050480643802695"
0.09875,1,1,"0.8314933719507892",1.0000000000000004,-0.4998084448807529,-4.555316635568741,-19.2441428272743,0.118,"0.8314933719507892",0.8586447658599806,0.8534899149837188,"0.8482001833865144","0.8427727532944653","0.8372047757069051","0.8314933719507892","0.8256356354040671","0.8196286333993977","0.8134694093202184"
0.10125,1,1,"0.8389432152358265",1.0000000000000007,-0.465681624147616,-4.405837716455944,-18.6816188999968,0.118,"0.8389432152358265",0.8650752305798357,0.8601163474608189,"0.8550264790695083","0.8498028668710088","0.8444427197302484","0.8389432152358265","0.8333015011749288","0.827514697169464","0.8215798964842205"
0.10375000000000001,1,1,"0.8461191557844429",1.0000000000000007,-0.4329283797981694,-4.261674335353128,-18.137154796208215,0.118,"0.8461191557844429",0.8712662986336875,0.8664966656334505,"0.8615998495354849","0.8565731523744272","0.8514138425174477","0.8461191557844429","0.8406862967032229","0.835112439908852","0.8293947316968331"
0.10625,1,1,"0.853034558257105",1.0000000000000007,-0.40147297812694704,-4.122568482313336,-17.610038738646228,0.118,"0.853034558257105",0.8772299089386074,0.8726430945299654,"0.8679328058679401","0.8630964064821566","0.8581312254340414","0.853034558257105","0.8478036680178799","0.8424357865057511","0.8369281155603584"
0.10875,1,1,"0.8597018994140049",1.0000000000000004,-0.3712455062727289,-3.988279284085631,-17.09959149900472,0.118,"0.8597018994140049",0.8829771833517872,0.8785670269600809,"0.8740370122068591","0.8693845646960946","0.8646070749947067","0.8597018994140049","0.8546663608989821","0.8494977500328237","0.8441933261644448"
0.11125,1,1,"0.8661328420591086",1.0000000000000004,-0.3421813069154273,-3.8585815701880577,-16.605165151182725,0.118,"0.8661328420591086",0.8885184971914166,0.8842790948997787,"0.879923357916584","0.8754487742040438","0.8708527963199734","0.8661328420591086","0.8612862951907981","0.8563105062996761","0.8512027937363504"
0.11375,1,1,"0.8723383016267282",1.0000000000000009,-0.31422047900086114,-3.7332645824210613,-16.126141771876227,0.118,"0.8723383016267282",0.8938635424399672,0.8897892335210575,"0.885602022374456","0.8812994593526303","0.8768790592111959","0.8723383016267282","0.8676746318006501","0.8628854611551598","0.8579681681275177"
0.11625,1,1,"0.8783285062553734",1.0000000000000007,-0.2873074355327785,-3.6121308112869275,-15.661932119570604,0.118,"0.8783285062553734",0.8990213845122665,0.8951067387463871,"0.891082533255301","0.8869463805994491","0.8826958577014944","0.8783285062553734","0.87384183321221","0.8692333113484781","0.864500379922046"
0.11875000000000001,1,1,"0.8841130510845857",1.0000000000000007,-0.2613905108506174,-3.49499494491676,-15.21197431492067,0.118,"0.8841130510845857",0.9040005133500304,0.9002403190885064,"0.8963738190694426","0.8923986876971113","0.8883125638280741","0.8841130510845857","0.8797977182366212","0.8753640996573427","0.8708096958571095"
0.12125,1,1,"0.8897009474169362",1.0000000000000007,-0.23642161095377642,-3.3816829179392833,-14.775732539327757,0.118,"0.8897009474169362",0.9088088895023387,0.9051981424349452,"0.9014842566119918","0.8976649677636085","0.8937379762752097","0.8897009474169362","0.8855515116343026","0.8812872649044192","0.8769057691623435"
0.12375,1,1,"0.8951006673068941",1.0000000000000002,-0.21235590138408933,-3.272031049303477,-14.352695763791136,0.118,"0.8951006673068941",0.9134539857644542,0.9099878783503561,"0.9064217138958981","0.9027532888094743","0.8989803644548295","0.8951006673068941","0.8911118891622167","0.8870116874078792","0.8827976853530463"
0.12625,1,1,"0.9003201840689992",1.0000000000000004,-0.18915152797251145,-3.1658852594266156,-13.94237651649355,0.118,"0.9003201840689992",0.9179428248732808,0.9146167363961015,"0.9111935890682451","0.9076712392201585","0.9040475085207778","0.9003201840689992","0.8964870185338139","0.8925457303465794","0.8884940039491683"
0.12875,1,1,"0.9053670091379225",1.0000000000000007,-0.16676936642228735,-3.06310035821393,-13.544309694817557,0.118,"0.9053670091379225",0.922282013694206,0.9190915009032908,"0.9158068457466493","0.912425963630113","0.9089467357518911","0.9053670091379225","0.901684596720529","0.8978972774635464","0.894002796537255"
0.13125,1,1,"0.9102482256611583",1.0000000000000007,-0.14517279726136592,-2.963539396511677,-13.158051425387445,0.118,"0.9102482256611583",0.9264777742796337,0.9234185625812953,"0.9202680451587153","0.9170241955717079","0.9136849536862797","0.9102482256611583","0.9067118839728581","0.9030737674821107","0.8993316815446584"
0.13375,1,1,"0.9149705191602182",1.0000000000000004,-0.12432750317097639,-2.8670730744378194,-12.783177974140466,0.118,"0.9149705191602182",0.9305359721326592,0.9276039472970007,"0.9245833754210022","0.9214722872359868","0.9182686803436341","0.9149705191602182","0.9115757348950821","0.9080822255659105","0.9044878560534811"
0.13625,1,1,"0.9195402055570929",1.0000000000000004,-0.10420128609823696,-2.7735792007993316,-12.419284707233498,0.118,"0.9195402055570929",0.9344621419689282,0.9316533423196807,"0.9287586782537697","0.9257762366422988","0.9227040718328196","0.9195402055570929","0.9162826268692142","0.9129292921164351","0.9094781249450966"
0.13875,1,1,"0.92396325682878",1.0000000000000004,-0.08476390190244258,-2.682942198472843,-12.065985102700798,0.118,"0.92396325682878",0.9382615112347753,0.9355721202914659,"0.9327994733929027","0.9299417124792144","0.9269969476076074","0.92396325682878","0.9208386860902764","0.9176212491688358","0.9143089276339351"
0.14125000000000001,1,1,"0.9282453245229597",1.0000000000000007,-0.06598691057557472,-2.5950526512061756,-11.722909812120927,0.118,"0.9282453245229597",0.9419390216094295,0.9393653611530586,"0.9367109809301349","0.9339740768489425","0.931152813603442","0.9282453245229597","0.9252497114456985","0.9221640446179564","0.918986362621015"
0.14375000000000002,1,1,"0.9323917613419589",1.0000000000000013,-0.04784354032683418,-2.509806887807537,-11.38970577107949,0.118,"0.9323917613419589",0.9454993486927762,0.9430378722279407,"0.9404981417863597","0.9378784061211589","0.9351768834619656","0.9323917613419589","0.9295211964459529","0.9265633144812279","0.9235162100728654"
0.14625,1,1,"0.9364076409794075",1.0000000000000009,-0.03030856403469702,-2.4271066001336408,-11.066035356879649,0.118,"0.9364076409794075",0.9489469200572591,0.9465942066453732,"0.9441656364997442","0.9416595100792129","0.9390740980271375","0.9364076409794075","0.9336583493910319","0.9308244033828008","0.9279039526096194"
0.14875,1,1,"0.940297776374009",1.0000000000000002,-0.01335818675375977,-2.3468584916792348,-10.751575591728892,0.118,"0.940297776374009",0.9522859318224247,0.9500386802623929,"0.9477179024902853","0.9453219495215099","0.9428491432767133","0.940297776374009","0.937666111937542","0.9349523834237431","0.9321547944667286"
0.15125,1,1,"0.944066736527295",1.0000000000000002,0.0030300568775882015,-2.268973953913127,-10.446017389487917,0.118,"0.944066736527295",0.9555203638931999,0.9533753872273737,"0.9511591499448213","0.9488700524632693","0.9465064668352323","0.944066736527295","0.9415491762137603","0.938952071585844","0.9362736791777269"
0.15375,1,1,"0.9477188620167737",1.0000000000000004,0.01887739634548409,-2.193368767809104,-10.149064843988091,0.118,"0.9477188620167737",0.9586539939875965,0.9566082143123905,"0.9544933764509622","0.9523079290683069","0.9500502931991371","0.9477188620167737","0.9453120006146156","0.9428280458012435","0.9402653059103379"
0.15625,1,1,"0.9512582793222166",1.000000000000001,0.0342039109828442,-2.1199628282856424,-9.860434556894868,0.118,"0.9512582793222166",0.9616904105660924,0.9597408541279709,"0.957724380494856","0.9556394854268248","0.9534846377909794","0.9512582793222166","0.9489588243949358","0.9465846598066944","0.9441341445748473"
0.15875,1,1,"0.9546889140707583",1.0000000000000009,0.04902860849995655,-2.0486798895047467,-9.579855003095021,0.118,"0.9546889140707583",0.9646330247630369,0.9627768173219148,"0.9608557739256368","0.9588684362831733","0.9568133199476127","0.9546889140707583","0.9524936811672655","0.9502260568891705","0.9478844498117777"
0.16125,1,1,"0.9580145032957845",1.0000000000000007,0.06336949702788662,-1.9794473291886376,-9.307065931621405,0.118,"0.9580145032957845",0.9674850814100312,0.9657194438533429,"0.9638909934788267","0.9619983168068673","0.9600399749365358","0.9580145032957845","0.9559204113998986","0.9537561826189871","0.9515202739553466"
0.16375,1,1,"0.9612386067951194",1.0000000000000004,0.07724365130040321,-1.9121959302973868,-9.04181780017433,0.118,"0.9612386067951194",0.970249669231963,0.9685719134237666,"0.9668333114415704","0.9650324934906817","0.9631680650851498","0.9612386067951194","0.9592426740012763","0.9571787966571075","0.9550454790597539"
0.16625,1,1,"0.9643646176655848",1.0000000000000002,0.09066727353145831,-1.846859678575506,-8.783871241364704,0.118,"0.9643646176655848",0.9729297302881783,0.9713372551387651,"0.9696858455342612","0.9679741742513348","0.9662008900992184","0.9643646176655848","0.9624639570684542","0.9604974837148819","0.9584637480669961"
0.16875,1,1,"0.9673957720834573",1.0000000000000007,0.10365574948471148,-1.7833755746208517,-8.532996558876244,0.118,"0.9673957720834573",0.9755280687240891,0.9740183564665102,"0.972451568075751","0.9708264178008136","0.9691415966394042","0.9673957720834573","0.9655875878698712","0.9637156637369747","0.961778595187371"
0.17125,1,1,"0.9703351583937845",1.000000000000001,0.11622370017879302,-1.721683459259773,-8.288973251821371,0.118,"0.9703351583937845",0.9780473588920181,0.9766179715529022,"0.9751333144927297","0.9735921423497547","0.9719931872180486","0.9703351583937845","0.9686167421258788","0.9668366013715312","0.9649933755571896"
0.17375000000000002,1,1,"0.9731857255653983",1.0000000000000007,0.12838502962512,-1.661725851127879,-8.051589565647465,0.118,"0.9731857255653983",0.980490152894382,0.97913872894724,"0.9777337912280981","0.9762741336984062","0.9747585284724766","0.9731857255653983","0.9715544526446123","0.969863414785599","0.9681112942321768"
0.17625000000000002,1,1,"0.9759502910632524",1.000000000000001,0.14015296895400478,-1.6034477954601731,-7.820642068033743,0.118,"0.9759502910632524",0.9828588875972294,0.9815831387872516,"0.9802555830978242","0.9788750527655073","0.9774403588657569","0.9759502910632524","0.9744036173652768","0.9727990838785096","0.9711354145696882"
0.17875,1,1,"0.9786315481848789",1.0000000000000007,0.151540117248405,-1.5467967231861806,-7.595935248299094,0.118,"0.9786315481848789",0.9851558911575673,0.9839535994876502,"0.9827011601412251","0.9813974426005816","0.9800412958611353","0.9786315481848789","0.9771670068562871","0.9756464579410548","0.9740686660480458"
0.18125,1,1,"0.9812320729034855",1.0000000000000007,0.16255847937235343,-1.4917223195095564,-7.37728113892541,0.118,"0.9812320729034855",0.9873833891038557,0.9862524039723061,"0.9850728840053906","0.9838437349210423","0.9825638426121048","0.9812320729034855","0.9798472713112482","0.978408262804005","0.9769138515669412"
0.18375,1,1,"0.9837543302563722",1.0000000000000007,0.17321950105264527,-1.4381764012257285,-7.164498957877619,0.118,"0.9837543302563722",0.9895435100054257,0.988481745486368,"0.9873730139007225","0.9862162562117011","0.985010394206249","0.9837543302563722","0.9824469470819875","0.9810871075155838","0.9796736542690053"
0.18625,1,1,"0.9862006803138986",1.0000000000000009,0.1835341014468602,-1.3861128020982556,-6.957414770479234,0.118,"0.9862006803138986",0.9916382907632787,0.9906437230214591,"0.9896037121612478","0.988517233420843","0.987383243497588","0.9862006803138986","0.9849684627843396","0.9836854905840834","0.98235064391904"
0.18875,1,1,"0.9885733837611157",1.0000000000000004,0.19351270340831922,-1.3354872656747436,-6.755861169675341,0.118,"0.9885733837611157",0.9936696815518247,0.9927403463839933,"0.9917670494403432","0.9907487992840417","0.9896845865590732","0.9885733837611157","0.9874141450092263","0.9862058058185532","0.9849472828743343"
0.19125,1,1,"0.9908746071213755",1.0000000000000004,0.20316526163828902,-1.286257344977533,-6.55967697358518,0.118,"0.9908746071213755",0.9956395504384608,0.9947735409340633,"0.993865009569755","0.9929129973040893","0.9919165277840902","0.9908746071213755","0.9897862236687949","0.9886503477977647","0.9874659316765443"
0.19375,1,1,"0.9931064276487055",1.0000000000000007,0.21250128889793118,-1.238382308553207,-6.368706939313061,0.118,"0.9931064276487055",0.9975496877055586,0.9967451520199048,"0.9958994941074522","0.9950117864130132","0.994081084663337","0.9931064276487055","0.9920868370047907","0.9910213169949423","0.9899088542930821"
0.19625,1,1,"0.9952708379134345",1.0000000000000004,0.22152988043628621,-1.1918230524091953,-6.182801492049735,0.118,"0.9952708379134345",0.9994018098972393,0.9986569491307973,"0.9978723265975211","0.9970470453398231","0.996180192261185","0.9952708379134345","0.9943180362840377","0.9933208245835744","0.9922782230335797"
0.19875,1,1,"0.9973697501035454",1.0000000000000004,0.23025973677624362,-1.1465420174056216,-6.001816468556244,0.118,"0.9973697501035454",1.0011975636114296,1.0005106297892785,"0.9997852565634675","0.9990205767057252","0.9982157074136011","0.9973697501035454","0.9964817902038187","0.9955508969473774","0.9945761231648745"
0.20125,1,1,"0.9994050000622497",1.0000000000000007,0.2386991849875741,-1.1025031117068598,-5.825612874178622,0.118,"0.9994050000622497",1.002938529055946,1.0023078232017946,"1.0016399632543505","1.0009341108666319","1.00018941266782","0.9994050000622497","0.9985799890280675","0.9977134799156674","0.9968045572460694"
0.20375000000000001,1,1,"1.0013783510807293",1.0000000000000004,0.2468561985644373,-1.05967163792984,-5.654056652595255,0.118,"1.0013783510807293",1.004626223385754,1.0040500936853218,"1.0034380591616685","1.0027893095211753","1.0021030199823346","1.0013783510807293","1.0006144484735269","0.9998104427436015","0.9989654492034218"
0.20625000000000002,1,1,"1.0032914974632978",1.0000000000000009,0.2547384160143887,-1.0180142246559067,-5.487018467548169,0.118,"1.0032914974632978",1.0062621038371555,1.0057389438859894,"1.0051810933233563","1.0045877691009488","1.003958174204205","1.0032914974632978","1.002586913363531","1.0018435818552274","1.001060648163248"
0.20875000000000002,1,1,"1.0051460678809747",1.0000000000000004,0.26235315825656497,-0.9774987620002105,-5.324373495857273,0.118,"1.0051460678809747",1.007847570673336,1.007375817804496,"1.0068705544299514","1.0063310239583194","1.0057564563393553","1.0051460678809747","1.0044990610655815","1.0038146243657842","1.0030919320595952"
0.21125,1,1,"1.0069436285280786",1.000000000000001,0.2697074449181802,-0.9380943409567833,-5.166001231059888,0.118,"1.0069436285280786",1.0093839699545537,1.0089621036418353,"1.0085078737467739","1.0080205493659133","1.0074993866302069","1.0069436285280786","1.006352504727678","1.0057252313984557","1.0050610110320972"
0.21375,1,1,"1.008685686095362",1.0000000000000007,0.2768080096109386,-0.8997711962601226,-5.0117852970593395,0.118,"1.008685686095362",1.0108725961451568,1.0104991364778328,"1.0100944278648583","1.009657764340793","1.0091884274539384","1.008685686095362","1.0081487963270956","1.0075770012095508","1.0069695306282147"
0.21625,1,1,"1.0103736905721392",1.0000000000000007,0.28366131426191693,-0.8625006525243379,-4.861613271205612,0.118,"1.0103736905721392",1.0123146945686796,1.0119882007939518,"1.0116315412923176","1.0112440343052684","1.0108249860535496","1.0103736905721392","1.00988942954434","1.0093714721350007","1.0088190748229942"
0.21875,1,1,"1.012009037888854",1.0000000000000007,0.29027356256739617,-0.8262550734393338,-4.715376516266207,0.118,"1.012009037888854",1.0137114637213556,1.0134305328509468,"1.0131204888970216","1.0127806735953775","1.012410417112989","1.012009037888854","1.0115758424739167","1.011110125370093","1.0106111688684614"
0.22125,1,1,"1.013593072410704",1.0000000000000004,0.29665071263231146,-0.7910078138206335,-4.5729700207802315,0.118,"1.013593072410704",1.01506405745358,1.014827322931147,"1.0145624982104826","1.0142689478272402","1.0139460251867582","1.013593072410704","1.013209420182774","1.0127943875934464","1.0123472819838533"
0.22375,1,1,"1.0151270892921418",1.0000000000000009,0.30279848885295696,-0.756733174324817,-4.4342922473194175,0.118,"1.0151270892921418",1.0163735870281585,1.0161797174543243,"1.0159587516022084","1.0157100761306679","1.0154330669935672","1.0151270892921418","1.014791497126369","1.0144256334453912","1.0140288298970166"
0.22625,1,1,"1.016612336701258",1.0000000000000002,0.30872239309584304,-0.7234063586567865,-4.299244988210436,0.118,"1.016612336701258",1.0176411230634335,1.0174888209755444,"1.0173103883330112","1.0171052332587247","1.0168727535829394","1.016612336701258","1.0163233594315955","1.0160051878701803","1.015657177246608"
0.22875,1,1,"1.0180500179224814",1.0000000000000007,0.31442771522142393,-0.6910034331078135,-4.1677332282993,0.118,"1.0180500179224814",1.0188676973688635,1.018755698072608,"1.0186185064951367","1.0184555515813003","1.018266252382965","1.0180500179224814","1.0178062470551636","1.0175343283307539","1.0172336398539625"
0.23125,1,1,"1.0194412933453443",1.0000000000000009,0.31991954299754655,-0.659501288275492,-4.039665014365484,0.118,"1.0194412933453443",1.0200543046799504,1.0199813751302933,"1.019884164846515","1.019762122970128","1.0196146891368243","1.0194412933453443","1.0192413558253164","1.0190142869041368","1.0187594868728513"
0.23375,1,1,"1.0207872823465007",1.0000000000000007,0.32520277144390597,-0.6288776028274524,-3.914951330817205,0.118,"1.0207872823465007",1.0212019042990161,1.021166842027914,"1.021108384545866","1.0210260005821392","1.0209191497351333","1.0207872823465007","1.020629839374265","1.020446252264963","1.0202359428248071"
0.23625000000000002,1,1,"1.0220890650717211",1.0000000000000007,0.33028211164567495,-0.5991108091805512,-3.793505981321532,0.118,"1.0220890650717211",1.0223114216477729,1.0223130537363758,"1.0222921507949168","1.0222482005475741","1.0221806819506265","1.0220890650717211","1.0219728109681443","1.0218313715641123","1.0216641895270937"
0.23875000000000002,1,1,"1.0233476841240268",1.0000000000000007,0.3351620990714337,-0.5701800609767915,-3.6752454760447453,0.118,"1.0233476841240268",1.02338374973722,1.0234209318303462,"1.0234364143935621","1.0234297035687847","1.0234002970812952","1.0233476841240268","1.0232713452408493","1.0231707522088922","1.0230453679199212"
0.24125,1,1,"1.024564146163736",1.0000000000000007,0.339847101428008,-0.5420652022453125,-3.5600889241976335,0.118,"1.024564146163736",1.0244197505600199,1.0244913659208474,"1.0245420932133071","1.0245714564352115","1.0245789715075693","1.024564146163736","1.0245264798375984","1.0244654635508013","1.024380579799047"
0.24375,1,1,"1.0257394234258117",1.0000000000000004,0.34434132608219736,-0.5147467381477435,-3.447957931598779,0.118,"1.0257394234258117",1.0254202564101298,1.0255252150131444,"1.0256100735940548","1.0256743734597176","1.0257176481688284","1.0257394234258117","1.0257392169737616","1.0257165384864602","1.025670889459459"
0.24625,1,1,"1.0268744551594506",1.0000000000000007,0.34864882707732203,-0.48820580721128254,-3.33877650298655,0.118,"1.0268744551594506",1.0263860711341182,1.0265233087944632,"1.0266412116688641","1.0267393378409966","1.0268172379640943","1.0268744551594506","1.0269105249139863","1.0269249749769078","1.0269173252554595"
0.24875,1,1,"1.0279701489946078",1.0000000000000007,0.3527735117702722,-0.4624241549606753,-3.232470948826311,0.118,"1.0279701489946078",1.0273179713183025,1.027486448855798,"1.0276363346210193","1.027767202956511","1.0278786210814517","1.0279701489946078","1.0280413393764118","1.0280917374901233","1.0281208810821199"
0.25125,1,1,"1.0290273822397291",1.0000000000000004,0.35671914711306474,-0.4373841088658956,-3.128969796374323,0.118,"1.0290273822397291",1.028216707415532,1.028415409851727,"1.028596241877449","1.0287587935901061","1.0289026482604235","1.0290273822397291","1.0291325648663763","1.0292177583712956","1.0292825177826832"
0.25375,1,1,"1.0300470031147788",1.0000000000000004,0.36048936560100814,-0.41306855452849045,-3.028203704774315,0.118,"1.0300470031147788",1.0290830048152322,1.0293109406019048,"1.029521706242241","1.0297149070981124","1.029890141991261","1.0300470031147788","1.0301850759437465","1.030303939145036","1.0304031644862617"
0.25625,1,1,"1.031029831923274",1.0000000000000004,0.36408767090808536,-0.3894609130343413,-2.930105383975541,0.118,"1.031029831923274",1.0299175648600054,1.0301737651376692,"1.0304134749737894","1.0306363145175759","1.0308418976547853","1.031029831923274","1.0311997184277117","1.0313511517534946","1.031483719879831"
0.25875,1,1,"1.0319766621668942",1.0000000000000007,0.3675174432287123,-0.36654511940554674,-2.8346095172735843,0.118,"1.0319766621668942",1.0307210658119252,1.031004583696929,"1.0312722708088127","1.0315237616199289","1.0317586846062625","1.0319766621668942","1.0321773105426604","1.032360239734044","1.0325250534182762"
0.26125,1,1,"1.0328882616058819",1.0000000000000004,0.3707819443436115,-0.34430560208854344,-2.741652687286819,0.118,"1.0328882616058819",1.031494163771424,1.0318040736703389,"1.032098792936302","1.0323779699132498","1.0326412472064772","1.0328882616058819","1.0331186440084486","1.0333320193399667","1.0335280064760142"
0.26375,1,1,"1.0337653732683694",1.0000000000000004,0.3738843224263819,-0.32272726341974134,-2.6511733051921476,0.118,"1.0337653732683694",1.032237493551473,1.03257289050152,"1.0328937179242814","1.0331996375960282","1.033490305803015","1.0337653732683694","1.0340244850782634","1.0342672806073443","1.0344933934434506"
0.26625,1,1,"1.0346087164114386",1.0000000000000007,0.37682761660616104,-0.3017954610136317,-2.5631115430538527,0.118,"1.0346087164114386",1.0329516695096128,1.033311668543929,"1.0336577006019994","1.033989440465175","1.0343065576645636","1.0346087164114386","1.034895575526958","1.0351667883711793","1.0354220027713805"
0.26875,1,1,"1.035418987436646",1.0000000000000004,0.3796147613007398,-0.2814959900219864,-2.477409269088804,0.118,"1.035418987436646",1.03363728634018,1.0340210218768369,"1.034391374900091","1.0347480327808218","1.0350906778708318","1.035418987436646","1.0357326335926424","1.036031283233537","1.036314597966168"
0.27125,1,1,"1.0361968607624925",1.0000000000000007,0.38224859033350467,-0.2618150662159322,-2.3940099857202344,0.118,"1.0361968607624925",1.0342949198289593,1.0347015450826424,"1.0350953546510104","1.0354760480903256","1.035843320160565","1.0361968607624925","1.036536354874092","1.0368614824863551","1.0371719185384385"
0.27375,1,1,"1.0369429896562212",1.0000000000000009,0.38473184084671014,-0.24273930984584716,-2.3128587702808114,0.118,"1.0369429896562212",1.0349251275723348,1.0353538139876926,"1.0357702343519415","1.0361741000136875","1.0365651177399196","1.0369429896562212","1.0373074131863864","1.0376580809913891","1.0379946809077805"
0.27625,1,1,"1.037658007027118",1.0000000000000007,0.38706715702272004,-0.22425573023667078,-2.2339022182330486,0.118,"1.037658007027118",1.0355284496628918,1.0359783863685927,"1.036416589892223","1.0368427829925242","1.0372566840533919","1.037658007027118","1.038046461377039","1.0384217520195977","1.0387835792658404"
0.27875,1,1,"1.0383425261834036",1.0000000000000004,0.3892570936241145,-0.20635171107907763,-2.1570883887831664,0.118,"1.0383425261834036",1.0361054093432678,1.036575802625866,"1.0370349792472149","1.0374826730045263","1.0379186135192933","1.0383425261834036","1.0387541321047322","1.0391531480521576","1.0395392864000432"
0.28125,1,1,"1.0389971415546724",1.000000000000001,0.39130411936285087,-0.18901499637909805,-2.082366752770667,0.118,"1.0389971415546724",1.0366565136299921,1.0371465864267346,"1.0376259431403871","1.0380943282452768","1.038551482231665","1.0389971415546724","1.0394310385826653","1.0398529015451294","1.0402624544799952"
0.28375,1,1,"1.0396224293816687",1.0000000000000007,0.3932106201079666,-0.17223367703141404,-2.0096881427230637,0.118,"1.0396224293816687",1.0371822539088893,1.0376912453186438,"1.0381900056753703","1.0386782897791438","1.039155848630431","1.0396224293816687","1.04007777528837","1.040521625659696","1.0409537158085647"
0.28625,1,1,"1.040218948375147",1.000000000000001,0.39497890194077157,-0.1559961779833057,-1.9390047049706503,0.118,"1.040218948375147",1.0376831065035794,1.0382102713151182,"1.0387276749394794","1.0392350821608967","1.0397322541414376","1.040218948375147","1.0406949186417396","1.041159914959789","1.0416136835394612"
0.28875,1,1,"1.0407872403453915",1.0000000000000004,0.3966111940658335,-0.14029124595845072,-1.8702698537223337,0.118,"1.0407872403453915",1.0381595332184537,1.0387041414553468,"1.0392394435802768","1.0397652140295528","1.0402812237879648","1.0407872403453915","1.0412830276529608","1.041768346078755","1.0422429523630588"
0.29124999999999995,1,1,"1.0413278308039497",1.0000000000000009,0.3981096515855863,-0.12510793771152998,-1.8034382270088316,0.118,"1.0413278308039497",1.0386119818574853,1.039173318338899,"1.0397257893565235","1.0402691786759153","1.0408032667751868","1.0413278308039497","1.0418426445418523","1.0423474783566908","1.042842099162075"
0.29374999999999996,1,1,"1.041841229538963",1.0000000000000002,0.39947635814588495,-0.11043560878623868,-1.738465644404336,0.118,"1.041841229538963",1.0390408867201095,1.0396182506368565,"1.0401871756648624","1.0407474545851438","1.0412988770489493","1.041841229538963","1.0423742953301065","1.0428978544499434","1.0434116836386742"
0.29624999999999996,1,1,"1.0423279311654738",1.0000000000000007,0.4007133284593827,-0.0962639027510281,-1.6753090664428956,0.118,"1.0423279311654738",1.0394466690753563,1.0400393735805342,"1.0406240520434646","1.0412005059556193","1.041768533830195","1.0423279311654738","1.0428784904077928","1.0434200009141434","1.0439522489143926"
0.29874999999999996,1,1,"1.0427884156519354",1.0000000000000004,0.4018225107131478,-0.08258274088833069,-1.6139265556498839,0.118,"1.0427884156519354",1.0398297376153134,1.0404371094289597,"1.041036854653804","1.0416287831953308","1.042212702126255","1.0427884156519354","1.043355725075421","1.0439144287621518","1.044464322104292"
0.30124999999999996,1,1,"1.04322314882414",1.0000000000000002,0.40280578886660684,-0.06938231231437937,-1.5542772391132933,0.118,"1.04322314882414",1.040190488889014,1.0408118679161815,"1.0414260067416736","1.0420327233968907","1.0426318332201667","1.04322314882414","1.0438064800627918","1.0443816339981402","1.0449484148666006"
0.30374999999999996,1,1,"1.043632582847679",1.0000000000000004,0.40366498484549074,-0.05665306450810953,-1.4963212725235135,0.118,"1.043632582847679",1.0405293077176614,1.0411640466793723,"1.0417919190784468","1.0424127507922358","1.0430263651391058","1.043632582847679","1.0442312220257712","1.0448220981289924","1.0454050239290475"
0.30624999999999997,1,1,"1.0440171566899836",1.0000000000000007,0.40440186063708905,-0.044385694228831485,-1.440019805613936,0.118,"1.0440171566899836",1.040846567592191,1.0414940316687387,"1.0421349903836101","1.042769277188057","1.0433967231029813","1.0440171566899836","1.0446304040220793","1.0452362886541433","1.04583463159305"
0.30874999999999997,1,1,"1.044377296562956",1.0000000000000002,0.40501812029190165,-0.0325711388034627,-1.3853349489383564,0.118,"1.044377296562956",1.0411426310539607,1.0418021975400815,"1.0424556077294385","1.043102702382841","1.0437433199541408","1.044377296562956","1.0450044659671296","1.045624659534901","1.046237706216812"
0.31124999999999997,1,1,"1.0447134163471319",1.0000000000000007,0.4055154118363563,-0.021200567765218087,-1.3322297419242348,0.118,"1.0447134163471319",1.0414178500594684,1.0420889080308797,"1.0427541469287047","1.0434134145664902","1.0440665565691158","1.0447134163471319","1.0453538350708627","1.0459876516442401","1.046614702678367"
0.31375,1,1,"1.0450259179982422",1.0000000000000009,0.40589532910106263,-0.010265374826683236,-1.280668122144239,0.118,"1.0450259179982422",1.0416725663298099,1.0423545163206904,"1.0430309729062532","1.0437017907032877","1.0443668222532632","1.0450259179982422","1.0456789262565143","1.0463256931980223","1.0469660628195145"
0.31625,1,1,"1.0453151919370518",1.0000000000000007,0.40615941346880247,0.0002428298289668391,-1.2306148957512317,0.118,"1.0453151919370518",1.0419071116856558,1.0425993653766095,"1.0432864400551929","1.0439681968990604","1.044644495119151","1.0453151919370518","1.0459801425621416","1.046639200168493","1.0472922158715645"
0.31875,1,1,"1.045581617423227",1.000000000000001,0.40630915554617186,0.01033222695383033,-1.182035709024737,0.118,"1.045581617423227",1.0421218083683994,1.042823788284519,"1.043520892578446","1.044212988753282","1.0448999424494048","1.045581617423227","1.0462578755257594","1.046928576680932","1.0475935788637316"
0.32125,1,1,"1.04582556291402",1.0000000000000004,0.4063459967626252,0.020010795352732497,-1.1348970209795453,0.118,"1.04582556291402",1.042316969348172,1.043028108566778,"1.0437346648163537","1.0444365116967946","1.0451335210448083","1.04582556291402","1.0465125055548528","1.047194215394221","1.0478705570150315"
0.32375,1,1,"1.0460473864084425",1.000000000000001,0.4062713309003976,0.0292863187259144,-1.0891660769895135,0.118,"1.0460473864084425",1.0424928986193027,1.0432126404870101,"1.0439280815609842","1.0446391013158518","1.045345577558302","1.0460473864084425","1.0467444022809549","1.0474364978660766","1.048123544110399"
0.32625,1,1,"1.0462474357776406",1.0000000000000004,0.40608650555863396,0.038166392249976866,-1.0448108833819865,0.118,"1.0462474357776406",1.0426498914838382,1.0433776893425697,"1.0441014583577537","1.044821083663121","1.045536448815554","1.0462474357776406","1.0469539249000386","1.0476557949036744","1.0483529228617738"
0.32875,1,1,"1.0464260490820696",1.0000000000000004,0.4057928235548411,0.046658428909319975,-1.0018001829605032,0.118,"1.0464260490820696",1.0427882348236541,1.043523551745269,"1.0442551017949726","1.0449827755562207","1.0457064621227148","1.0464260490820696","1.0471414224993298","1.047852466900325","1.0485590652548622"
0.33125,1,1,"1.0465835548760913",1.0000000000000004,0.40539154426658974,0.05476966558969399,-0.9601034314154596,0.118,"1.0465835548760913",1.0429082073617022,1.0436505158909153,"1.0443893097818384","1.0451244848643912","1.0458559355619528","1.0465835548760913","1.047307234371178","1.0480268641588235","1.0487423328821963"
0.33375,1,1,"1.0467202725005595",1.0000000000000004,0.4048838849162774,0.06250716894497284,-0.9196907745844284,0.118,"1.0467202725005595",1.0430100799128579,1.0437588618181237,"1.0445043718154208","1.04524651078382","1.045985178275309","1.0467202725005595","1.0474516903145652","1.048179327202105","1.048903077263117"
0.33625,1,1,"1.0468365123639385",1.0000000000000007,0.40427102180156005,0.0698778410475234,-0.8805330265256253,0.118,"1.0468365123639385",1.0430941156248839,1.0438488616569452,"1.044600569237134","1.0453491441021308","1.046094490737402","1.0468365123639385","1.0475751109248288","1.0483101870717482","1.049041640151288"
0.33875,1,1,"1.0469325762124397",1.0000000000000007,0.4035540914739346,0.0768884248321585,-0.8426016483698873,0.118,"1.0469325762124397",1.0431605702098978,1.0439207798677375,"1.044678175479148","1.0454326674525392","1.0461841650175014","1.0469325762124397","1.0476778078720808","1.0484197656148682","1.0491583538302522"
0.34125,1,1,"1.0470087573897215",1.0000000000000004,0.40273419186783715,0.08354550934308656,-0.8058687279180589,0.118,"1.0470087573897215",1.0432096921668201,1.0439748734707075,"1.0447374563012217","1.0454973555581268","1.0462544850313977","1.0470087573897215","1.0477600841688608","1.0485083757599443","1.0492535413976132"
0.34375,1,1,"1.0470653410865303",1.0000000000000009,0.40181238338245484,0.08985553479280606,-0.7703069599522822,0.118,"1.0470653410865303",1.0432417229951685,1.0440113922665528,"1.0447786700183466","1.045543475466646","1.046305726783563","1.0470653410865303","1.0478222344274974","1.0485763217820232","1.0493275170382763"
0.34625,1,1,"1.0471026045808085",1.0000000000000007,0.40078968991837977,0.09582479744145482,-0.7358896272313346,0.118,"1.0471026045808085",1.0432568974005725,1.0440305790485853,"1.0448020677196201","1.0455712867763092","1.046338158599999","1.0471026045808085","1.0478645451075832","1.0486238995577937","1.0493805862873027"
0.34875,1,1,"1.0471208174685953",1,0.3996670998710564,0.10145945430471083,-0.7025905821412958,0.118,"1.0471208174685953",1.0432554434924102,1.0440326698067117,"1.044807893478721","1.0455810418529206","1.0463520413521943","1.0471208174685953","1.0478872947540474","1.0486513968109579","1.0494130462827314"
0.35125,1,1,"1.0471202418862098",1.0000000000000004,0.3984455670829455,0.10676552769791745,-0.6703842289744184,0.118,"1.0471202418862098",1.0432375829738603,1.0440178939236031,"1.0447963845563681","1.0455729860387504","1.0463476286725493","1.0471202418862098","1.0478907542261984","1.0486590933483142","1.0494251860088986"
0.35374999999999995,1,1,"1.0471011327239905",1.0000000000000007,0.3971260117561488,0.11174890962377206,-0.6392455068101599,0.118,"1.0471011327239905",1.0432035313247159,1.0439864743634328,"1.044767771595073","1.0455473578534704","1.0463251671616631","1.0471011327239905","1.0478751869181115","1.0486472612869484","1.0494172865305775"
0.35624999999999996,1,1,"1.0470637378320382",1.0000000000000004,0.39570932132721187,0.11641536601052034,-0.6091498729736703,0.118,"1.0470637378320382",1.043153497977275,1.0439386278534342,"1.044722278806555","1.045504389187534","1.0462848965878047","1.0470637378320382","1.0478408489707645","1.0486161652729244","1.0493896212183682"
0.35874999999999996,1,1,"1.0470082982182296",1.0000000000000004,0.39419635130568237,0.12077054080730988,-0.5800732870480746,0.118,"1.0470082982182296",1.0430876864855902,1.043874565058652,"1.0446601241520823","1.0454443054882685","1.0462270500789026","1.0470082982182296","1.0477879894762367","1.04856606269179","1.0493424559656999"
0.36124999999999996,1,1,"1.0469350482388693",1.0000000000000004,0.39258792607795356,0.12481995994300307,-0.5519921954179797,0.118,"1.0469350482388693",1.043006294688342,1.0437944907501024,"1.044581519516067","1.0453673259390328","1.0461518543073836","1.0469350482388693","1.047716850674316","1.048497203871306","1.0492760493977842"
0.36374999999999996,1,1,"1.0468442157822582",1.0000000000000004,0.3908848396778254,0.1285690351544968,-0.5248835163227273,0.118,"1.0468442157822582",1.0429095148656389,1.0436986039666856,"1.0444866708732021","1.0452736636316844","1.0460595296681234","1.0468442157822582","1.0476276681418102","1.048409832276637","1.049190653072866"
0.36624999999999996,1,1,"1.0467360224454987",1.0000000000000004,0.3890878565251388,0.1320230676902503,-0.49872462539881535,0.118,"1.0467360224454987",1.0427975338899578,1.0435870981710418,"1.044375778449358","1.0451635257326635","1.045950290449815","1.0467360224454987","1.04752067097491","1.0483041846984018","1.0490865116760666"
0.36874999999999997,1,1,"1.0466106837047606",1.0000000000000009,0.3871977121337906,0.13518725189455466,-0.4734933416918416,0.118,"1.0466106837047606",1.0426705333714799,1.0434601613996468,"1.0442490368765562","1.04503711364294","1.0458243450000355","1.0466106837047606","1.047396081964817","1.0481804914337838","1.0489638632061422"
0.37124999999999997,1,1,"1.0464684090793435",1.0000000000000002,0.38521511379033063,0.13806667867771757,-0.4491679141192485,0.118,"1.0464684090793435",1.0425286897980515,1.043317976407361,"1.0441066353422117","1.0448946231520757","1.0456818958842315","1.0464684090793435","1.0472541177669714","1.0480389764610736","1.048822939155443"
0.37374999999999997,1,1,"1.0463094022897195",1.0000000000000009,0.38314074120432906,0.1406663388771943,-0.4257270083659186,0.118,"1.0463094022897195",1.042372174669975,1.0431607208066498,"1.0439487577328905","1.044736244586632","1.0455231400388914","1.0463094022897195","1.0470949890641024","1.0478798576078263","1.0486639646833225"
0.37625,1,1,"1.0461338614098386",1.0000000000000007,0.3809752471315979,0.14299112651441864,-0.40314969419549923,0.118,"1.0461338614098386",1.042201154629856,1.0429885672017116,"1.0437755827728252","1.044562162953168","1.0453482689191373","1.0461338614098386","1.0469189007233504","1.0477033467129424","1.048487158783279"
0.37875,1,1,"1.0459419790139055",1.0000000000000009,0.37871925797132416,0.1450458419518971,-0.38141543316107557,0.118,"1.0459419790139055",1.0420157915876807,1.0428016833176779,"1.0435872841573388","1.0443725580760126","1.0451574686409515","1.0459419790139055","1.046726051947718","1.0475096497828866","1.048292734444084"
0.38125,1,1,"1.0457339423178418",1.000000000000001,0.376373374338101,0.14683519495492017,-0.3605040666995243,0.118,"1.0457339423178418",1.04181624284133,1.0426002321251295,"1.0433840306814557","1.0441676047300534","1.044950920118245","1.0457339423178418","1.0465166364220395","1.0472989671422792","1.0480808988050994"
0.38375,1,1,"1.0455099333156612",1.0000000000000009,0.37393817160980225,0.14836380766206883,-0.34039580459455654,0.118,"1.0455099333156612",1.0416026611926936,1.0423843719600467,"1.0431659863638045","1.0439474727686886","1.0447287991949668","1.0455099333156612","1.0462908424537025","1.0470714935790983","1.0478518533060477"
0.38625,1,1,"1.0452701289109279",1.0000000000000004,0.3714142004522,0.1496362174685066,-0.3210712137941116,0.118,"1.0452701289109279",1.0413751950595511,1.0421542566394393,"1.0429333105660568","1.0437123272471809","1.0444912767724714","1.0452701289109279","1.0460488531083303","1.0468274184846442","1.047605793831428"
0.38875,1,1,"1.0450147010435038",1.0000000000000007,0.36880198732117125,0.15065687982587997,-0.3025112075683791,0.118,"1.0450147010435038",1.0411339885834134,1.0419100355727693,"1.042686158108048","1.0434623285415596","1.044238518932273","1.0450147010435038","1.0457908463405896","1.0465669259885602","1.0473429108497747"
0.39125,1,1,"1.044743816811753",1.0000000000000002,0.36610203494329335,0.15143017096249026,-0.2846970349952928,0.118,"1.044743816811753",1.0408791817334333,1.0416518538693502,"1.042424679378733","1.0431976324632368","1.0439706870544383","1.044743816811753","1.0455169951203422","1.0462901950889893","1.0470633895479844"
0.39375,1,1,"1.044457638590395",1.0000000000000004,0.36331482277560606,0.1519603905272554,-0.26761027076092975,0.118,"1.044457638590395",1.0406109104065728,1.041379852441868,"1.0421490204431676","1.042918390369509","1.0436879379316917","1.044457638590395","1.0452274675542932","1.0459973997781467","1.0467674099608755"
0.39625,1,1,"1.0441563241441314",1.0000000000000009,0.36044080744526247,0.15225176416082603,-0.2512328052627437,0.118,"1.0441563241441314",1.040329306524127,1.0410941681061723,"1.0418593231456252","1.0426247492701046","1.0433904238794731","1.0441563241441314","1.0449224270033177","1.0456887091634033","1.0464551470961454"
0.39875,1,1,"1.0438400267372476",1.0000000000000002,0.3574804231697547,0.15230844599710067,-0.23554683500409268,0.118,"1.0438400267372476",1.040034498124789,1.0407949336774809,"1.0415557252090195","1.042316851929909","1.0430782928420559","1.0438400267372476","1.0446020321956127","1.0453642875841047","1.0461267710549393"
0.40125,1,1,"1.0435088952392944",1.0000000000000004,0.35443408215837924,0.15213452109823894,-0.22053485326898725,0.118,"1.0435088952392944",1.0397266094543323,1.0404822780630911,"1.0412383603307585","1.041994836968016","1.042751688494874","1.0435088952392944","1.0442664373358306","1.0450242947242478","1.045782447148144"
0.40375,1,1,"1.0431630742270366",1.0000000000000009,0.35130217499554833,0.1517340078261621,-0.206179641066456,0.118,"1.0431630742270366",1.0394057610520706,1.0401563263518028,"1.0409073582751538","1.0416588389532335","1.042410750343195","1.0431630742270366","1.0439157922103628","1.0446688857211675","1.0454223360085884"
0.40625,1,1,"1.0428027040827543",1.0000000000000007,0.3480850710065532,0.15111086015341973,-0.19246425833434727,0.118,"1.0428027040827543",1.039072069834184,1.0398171999000732,"1.0405628449625262","1.0413089884961757","1.0420556138173","1.0428027040827543","1.0435502422888745","1.0442982112703882","1.0450465936993079"
0.40875,1,1,"1.0424279210890626",1.0000000000000007,0.3447831186063327,0.15026896991618488,-0.17937203539281382,0.118,"1.0424279210890626",1.038725649174046,1.039465016415115,"1.0402049425551028","1.0409454123380655","1.0416864103642347","1.0424279210890626","1.0431699288222531","1.0439124177267913","1.0446553718179683"
0.41125,1,1,"1.0420388575203712",1.0000000000000007,0.34139664563177125,0.14921216901203108,-0.16688656463813462,0.118,"1.0420388575203712",1.0383666089796382,1.0390998900349613,"1.039833769539831","1.0405682334363588","1.0413032675363303","1.0420388575203712","1.0427749889370843","1.0435116472021855","1.044248817597647"
0.41375,1,1,"1.0416356417310775",1.0000000000000007,0.337925959658039,0.14794423154507347,-0.15499169246787933,0.118,"1.0416356417310775",1.0379950557681672,1.0387219314056744,"1.039449440808231","1.0401775710472922","1.0409063090765303","1.0416356417310775","1.0423655557267848","1.043096037659447","1.0438270740040547"
0.41625,1,1,"1.041218398240625",1.0000000000000007,0.3343713482994473,0.14646887592093824,-0.143671511428808,0.118,"1.041218398240625",1.0376110927379696,1.038331247755747,"1.0390520677333515","1.0397735408054911","1.0404956550006865","1.041218398240625","1.0419417583394985","1.042665723003334","1.0433902798293206"
0.41874999999999996,1,1,"1.0407872478155327",1.0000000000000007,0.3307330794952706,0.14478976689395678,-0.13291035257923742,0.118,"1.0407872478155327",1.0372148198378146,1.0379279429678023,"1.0386417582439715","1.0393562548006972","1.040071421676912","1.0407872478155327","1.0415037220628764","1.0422208331680791","1.0429385697825073"
0.42124999999999996,1,1,"1.0403423075485032",1.0000000000000007,0.32701140178096133,0.14291051756888085,-0.12269277805794021,0.118,"1.0403423075485032",1.036806333833654,1.0375121176477269,"1.0382186168961065","1.03892582165175","1.039633721902086","1.0403423075485032","1.041051568405841","1.0417614942018973","1.0424720745768956"
0.42374999999999996,1,1,"1.03988369093468",1.0000000000000007,0.32320654454516484,0.14083469135936627,-0.11300357385193621,0.118,"1.03988369093468",1.0363857283729663,1.0370838691912359,"1.0377827449419206","1.03848234657789","1.0391826649756069","1.03988369093468","1.0405854151774385","1.0412878283484748","1.0419909210142098"
0.42624999999999996,1,1,"1.039411507945202",1.0000000000000004,0.3193187182729181,0.1385658039053736,-0.10382774275587447,0.118,"1.039411507945202",1.0359530940467039,1.0366432918480442,"1.0373342403961476","1.0380259314674802","1.0387183567704859","1.039411507945202","1.0401053765628714","1.0407999541255808","1.0414952320658573"
0.42874999999999996,1,1,"1.0389258650980633",1.0000000000000004,0.3153481147753858,0.1361073249515769,-0.09515049751596569,0.118,"1.0389258650980633",1.0355085184489767,1.0361904767836745,"1.0368731981000772","1.0375566749442449","1.0382408998018928","1.0389258650980633","1.0396115631968077","1.0402979864008555","1.0409851269512702"
0.43124999999999997,1,1,"1.0384268655264683",1.0000000000000009,0.3112949074064902,0.1334626801888178,-0.08695725415170101,0.118,"1.0384268655264683",1.0350520862345227,1.0357255121389677,"1.0363997097831865","1.0370746724310604","1.0377503932931653","1.0384268655264683","1.0391040822340676","1.0397820364649033","1.040460721213472"
0.43374999999999997,1,1,"1.0379146090446632",1.0000000000000004,0.3071592512667349,0.1306352530605574,-0.07923362544887978,0.118,"1.0379146090446632",1.0345838791740185,1.0352484830874171,"1.0359138641225099","1.0365800162114491","1.0372469332394691","1.0379146090446632","1.038583037417734","1.0392522121017547","1.0399221267919398"
0.43624999999999997,1,1,"1.0373891922113885",1.0000000000000009,0.3029412833945489,0.1276283865362535,-0.0719654146176922,0.118,"1.0373891922113885",1.0341039762073403,1.0347594718903357,"1.0354157467998126","1.036072795488758","1.0367306124690772","1.0373891922113885","1.0380485291448158","1.0387086176567941","1.0393694520928554"
0.43875,1,1,"1.036850708391001",1.0000000000000007,0.2986411229454175,0.12444538485350605,-0.0651386091098678,0.118,"1.036850708391001",1.0336124534947806,1.0342585579499772,"1.0349054405566118","1.0355530964431936","1.0362015207024184","1.036850708391001","1.037500654529512","1.0381513541022007","1.0388028020568203"
0.44125,1,1,"1.0362992478123463",1.0000000000000007,0.29425887135907675,0.12108951523079234,-0.05873937458912049,0.118,"1.0362992478123463",1.03310938446636,1.0337458178606176,"1.0343830252471498","1.035021002286684","1.0356597446089155","1.0362992478123463","1.0369395074641514","1.0375805191000433","1.0382222782241124"
0.44375,1,1,"1.0357348976254255",1.0000000000000009,0.2897946125150242,0.11756400955254741,-0.05275404904934525,0.118,"1.0357348976254255",1.0325948398691884,1.0332213254577345,"1.0338485778893478","1.0344765933157032","1.0351053678617164","1.0357348976254255","1.0363651786778831","1.0369962070630308","1.037627978797576"
0.44625,1,1,"1.0351577419559779",1.0000000000000004,0.28524841287656816,0.11387206602830911,-0.04716913707524077,0.118,"1.0351577419559779",1.0320688878130457,1.0326851518652318,"1.0333021727138214","1.0339199469620752","1.0345384711903467","1.0351577419559779","1.0357777557931969","1.0363985092130332","1.0370199987032056"
0.44875,1,1,"1.0345678619579677",1.0000000000000009,0.28062032162365497,0.11001685082761586,-0.041971304240224404,0.118,"1.0345678619579677",1.0315315938141343,1.032137365540897,"1.0327438812109961","1.0333511378418458","1.0339591324313835","1.0345678619579677","1.0351773233803172","1.0357875136374202","1.0363984296484714"
0.00125,2,1,"-1.2647384581623462*^-8",1.0000000000000007,-14.535021700649397,-8.637607376053591,197.7763279835505,0.10683695323747587,"-0.0009759488051295902",-0.003102746343621964,-0.002890867650058718,"-0.0024877513870505477","-0.0019835093149158066","-0.0014580059319873238","-0.0009759488051295902","-0.0005823397731482873","-0.00029923194996608974","-0.00012513822226050886"
0.00375,2,1,"-0.007371972136800771",1.0000000000000004,-9.503940588629739,-24.673147336882135,-11.113616349946057,0.10683695323747587,"0.0009496078454253638",0.027578420500285025,0.02063622573398318,"0.0145144778680901","0.009204619536458406","0.004690850803822097","0.0009496078454253638","-0.002050863876885061","-0.0043508026890158626","-0.005999043619988376"
0.00625,2,1,"-0.003146836665311693",1.0000000000000007,-7.510203217418948,-25.459232032032165,-59.260437574280665,0.10683695323747587,"0.03758294330059914",0.08877459222725402,0.07718301436549467,"0.0662445193777611","0.055983955304253916","0.04642365128383703","0.03758294330059914","0.029477672679093403","0.022119662132204947","0.015516176071016336"
0.008749999999999999,2,1,"0.021208489005564813",1.0000000000000007,-6.316233256799763,-24.469078375887346,-76.77548352431666,0.10683695323747587,"0.08663317342721882",0.15124045052257948,0.13735196792756446,"0.12391728222362368","0.11096635788625041","0.09852871616601767","0.08663317342721882","0.0753075519886757","0.06457836292707503","0.05447046074291015"
0.01125,2,1,"0.056070397317170395",1.0000000000000007,-5.4860449329790875,-23.151198461372797,-83.65973780226511,0.10683695323747587,"0.13744513785863796",0.2089869342841332,0.19402708350001704,"0.17936487740151139","0.16502823762009414","0.1510454720251541","0.13744513785863796","0.12425588586888187","0.11150628426460664","0.09922462139094022"
0.01375,2,1,"0.0952206268445146",1.0000000000000007,-4.860883259848452,-21.824840237667843,-85.9015740661433,0.10683695323747587,"0.18637550531486333",0.2611664077181774,0.24579545473001302,"0.23060629296633395","0.21562317390449823","0.20087104989293297","0.18637550531486333","0.17216267528832924","0.15825915088246087","0.14469186981913237"
0.01625,2,1,"0.1354357849800912",1.0000000000000004,-4.365957605156016,-20.574896715948064,-85.86134760681138,0.10683695323747587,"0.23226260687926598",0.30813827869523336,0.29272889649811523,"0.2774157125576899","0.2622192583131713","0.24716085993331852","0.23226260687926598","0.21754731231096222","0.20303846456505034","0.18876016890103128"
0.018750000000000003,2,1,"0.17509730806693025",1.0000000000000007,-3.9604025683466397,-19.421065560663003,-84.626636745658,0.10683695323747587,"0.2748625906939863",0.3505148174545467,0.33528406163541624,"0.32008586339589534","0.3049374255932011","0.2898567427961115","0.2748625906939863","0.25997451012505396","0.2452127851586379","0.23059841463476607"
0.02125,2,1,"0.21341306485356348",1.0000000000000004,-3.6195947249145632,-18.362496400649388,-82.75141462459904,0.10683695323747587,"0.3142795929921533",0.3889035318408897,0.373979544904352,"0.3590404332626165","0.34410054756505465","0.32917498552505586","0.3142795929921533","0.29943096144381504","0.2846464214851649","0.269944031918439"
0.02375,2,1,"0.25002185735687366",1.0000000000000013,-3.327624162081755,-17.391890149298884,-80.53777340752306,0.10683695323747587,"0.35074259986409817",0.4238409358897795,0.4092988292794504,"0.39470565152569304","0.38007334950666344","0.3654145565353258","0.35074259986409817","0.33607150579294415","0.32141600207968046","0.3067915173301083"
0.026250000000000002,2,1,"0.28479067759512033",0.9999999999999993,-3.0736566833878287,-16.50040044815874,-78.15840781987747,0.10683695323747587,"0.3845140602022469",0.4557832972445707,0.441665498984713,"0.42746943139819304","0.41320502717140983","0.398882840943623","0.3845140602022469","0.3701105145711678","0.3556846832698983","0.3412497005048216"
0.02875,2,1,"0.31770797367891335",0.9999999999999997,-2.8500056123526414,-15.67938605311861,-75.71521476744651,0.10683695323747587,"0.4158522002760994",0.4851140084060357,0.4714423122836516,"0.4576717560789839","0.44381058622564784","0.4298676084523625","0.4158522002760994","0.4017743224217208","0.3876445290027052","0.3734739762846806"
0.03125,2,1,"0.348825970060841",1.0000000000000004,-2.6510346548182584,-14.920996451642417,-73.2694457065869,0.10683695323747587,"0.44499631379572",0.5121546850076897,0.49893764249870004,"0.48560619957246487","0.47216718899341314","0.45862794449228356","0.44499631379572","0.4312806709466455","0.4174899277911447","0.40363354449755917"
0.03375,2,1,"0.3782288509554112",1.0000000000000007,-2.4724975123315884,-14.218308677069876,-70.85813308726671,0.10683695323747587,"0.47216213313183003",0.5371758903500705,0.5244134781277623,"0.5115250263111606","0.4985161796452891","0.48539303076400314","0.47216213313183003","0.4588305135274053","0.44540568397427327","0.43189565301705246"
0.036250000000000004,2,1,"0.4060149878080603",1.0000000000000007,-2.3111217602824388,-13.565293507521115,-68.50345825377725,0.10683695323747587,"0.49754160794699515",0.5604063516322666,0.5480929886819655,"0.5356449879436114","0.5230669929628523","0.510364047484318","0.49754160794699515","0.4846055556948077","0.47156220883036704","0.45841833363375667"
0.03875,2,1,"0.4322869872436591",1.0000000000000007,-2.1643364741649798,-12.956723193874554,-66.21829658025808,0.10683695323747587,"0.5213045150843945",0.5820405371362959,0.5701670721090325,"0.5581527600100619","0.5460013982065962","0.5337171417211095","0.5213045150843945","0.5087684240243009","0.4961141669346325","0.4833474460639"
0.04125,2,1,"0.45714618198455836",1.0000000000000009,-2.0300881234964607,-12.388066358220101,-64.00960167130899,0.10683695323747587,"0.5436007134724706",0.602244777221017,0.5907998169357324,"0.5792096891306772","0.5674774740568004","0.5556065718152161","0.5436007134724706","0.5314639720949722","0.5192007736595211","0.5068159077930333"
0.043750000000000004,2,1,"0.4806896825178716",1.0000000000000004,-1.906712655370968,-11.855388005219123,-61.880523376744385,0.10683695323747587,"0.5645625024448347",0.6211621807014412,0.6101329880030002,"0.5989558086384453","0.587633113603056","0.5761676602121687","0.5645625024448347","0.5528210012642277","0.5409468348811286","0.5289440089237906"
0.04625,2,1,"0.5030089166479155",1.000000000000001,-1.792844472927171,-11.355260833162124,-59.83176100019411,0.10683695323747587,"0.5843068472603491",0.638916584062983,0.6282896890357524,"0.6175131863426487","0.6065890282248061","0.5955194235243997","0.5843068472603491","0.5729540502200573","0.5614640685406672","0.5498402332509603"
0.04875,2,1,"0.5241890339500574",1.0000000000000004,-1.6873503008164334,-10.88468907803173,-57.8624424257643,0.10683695323747587,"0.6029373813844641",0.655615733646858,0.64537735107351,"0.6349886988240226","0.6244512866235915","0.6137668544534538","0.6029373813844641","0.5919650944529821","0.5808524775580969","0.5696022803573045"
0.051250000000000004,2,1,"0.5443088081040708",1.0000000000000007,-1.5892802393638248,-10.441044139865806,-55.970702790422216,0.10683695323747587,"0.6205461639435499",0.6713538617963012,0.661490175949636,"0.6514763273049234","0.6413134475420889","0.6310028752274723","0.6205461639435499","0.6099450904780119","0.5992016630554937","0.5883181295937465"
0.05375,2,1,"0.5634408186738709",1.0000000000000016,-1.4978309413501367,-10.022010560546093,-54.154069094179164,0.10683695323747587,"0.6372152019860288",0.6862137837976682,0.6767111414249573,"0.6670590598878462","0.657258347541196","0.6473099988752417","0.6372152019860288","0.6269753461156589","0.616592029249017","0.6060670657523589"
0.05625,2,1,"0.5816517816374679",1.0000000000000009,-1.4123174993824812,-9.625540803827608,-52.409717421245595,0.10683695323747587,"0.6530177599301583",0.7002686146853592,0.6911136539235923,"0.6818104719022878","0.672359600256945","0.6627617383102418","0.6530177599301583","0.6431287204637197","0.6330958637356234","0.622920629100013"
0.058750000000000004,2,1,"0.599002950504026",1.0000000000000007,-1.332151697754221,-9.249817397323234,-50.73464538591156,0.10683695323747587,"0.6680194823550121",0.7135831831200434,0.7047629174193348,"0.6957960434914566","0.6866828560759933","0.6774238011768414","0.6680194823550121","0.6584706670995519","0.6487782932679097","0.6389434755862571"
0.06125,2,1,"0.6155505416515957",1.0000000000000009,-1.256824985321786,-8.893221181824318,-49.1257875154393,0.10683695323747587,"0.6822793558676861",0.7262152025915732,0.7177170729167813,"0.7090742625432498","0.7002868634455061","0.6913551042219122","0.6822793558676861","0.6730601376262099","0.6636981229116204","0.6541941452949558"
0.06375,2,1,"0.6313461569092321",1.0000000000000002,-1.1858949985930225,-8.554304609975151,-47.580091868131426,0.10683695323747587,"0.6958505335521339",0.7382162471203041,0.7300281517522692,"0.7216975518620482","0.7132243659926087","0.7046086362404673","0.6958505335521339","0.6869503630974612","0.6779085697141586","0.6687257434171898"
0.06625,2,1,"0.6464371882757312",1.0000000000000007,-1.118974788102625,-8.231769217253209,-46.094570131180056,0.10683695323747587,"0.7087810426633212",0.749632568556316,0.741742877095299,"0.7337130519689864","0.7255428635637404","0.7172321941341313","0.7087810426633212","0.7001895297978488","0.6914579028521645","0.6825865408777361"
0.06875,2,1,"0.6608671969259227",1,-1.0557241268292268,-7.9244465445841294,-44.66632948798174,0.10683695323747587,"0.7211143933471673",0.7605057848021121,0.752903341082738,"0.7451632848697773","0.7372852602217234","0.7292690126032714","0.7211143933471673","0.7128213641873219","0.7043900018593258","0.6958205027641137"
0.07125000000000001,2,1,"0.6746762630650404",1.0000000000000007,-0.9958424390895907,-7.631281922838889,-43.292591923885716,0.10683695323747587,"0.7328901034983593",0.7708734622651849,0.7635475795605738,"0.7560867192857094","0.7484904180634991","0.7407583045431967","0.7328901034983593","0.7248856399924708","0.7167448436090528","0.708467752742749"
0.07375,2,1,"0.6879013058301717",1.0000000000000002,-0.9390630029263226,-7.351320637159993,-41.97070488039123,0.10683695323747587,"0.7441441525106861",0.7807696111660282,0.7737100621136612,"0.7665182539735341","0.7591936323148307","0.7517357263120238","0.7441441525106861","0.7364186186571543","0.7285589275894074","0.7205649811862513"
0.07625,2,1,"0.7005763739722559",1.0000000000000007,-0.8851481622964358,-7.0836960768508295,-40.698145973797075,0.10683695323747587,"0.7549093746453269",0.7902251086691073,0.7834221116749348,"0.7764896326672195","0.769427040390414","0.7622337796240278","0.7549093746453269","0.7474534327519741","0.73986564784244","0.7321458040517309"
0.07875,2,1,"0.7127329088990401",1.0000000000000007,-0.8338853466411089,-6.8276195477774175,-39.472523675435475,0.10683695323747587,"0.7652158010223593",0.7992680619306101,0.7927122653208938,"0.7860298016990817","0.7792199753621701","0.7722821598282112","0.7652158010223593","0.7580204205189792","0.750695618837992","0.7432410787934245"
0.08125,2,1,"0.7243999820804632",1.000000000000001,-0.7850837409962571,-6.582371481915117,-38.29157528401991,0.10683695323747587,"0.7750909577956379",0.807924120887166,0.8016065857247153,"0.7951652193711282","0.7885992724561428","0.7819080586897422","0.7750909577956379","0.7681474184970246","0.7610769615530791","0.7538791828444577"
0.08375,2,1,"0.7356045089784287",1.0000000000000002,-0.7385714840583048,-6.347293825393469,-37.1531631254332,0.10683695323747587,"0.7845601268633217",0.816216748807538,0.8101289310319568,"0.8039201245480383","0.7975895357173942","0.7911364284412563","0.7845601268633217","0.7778600181211935","0.7710355551451467","0.764086259502728"
0.08625000000000001,2,1,"0.7463714416673528",1.0000000000000004,-0.694193297613061,-6.121783424291746,-36.05526963775809,0.10683695323747587,"0.7936465744595679",0.8241674571906399,0.8183011895543509,"0.8123167706510028","0.8062133707760275","0.7999902127597641","0.7936465744595679","0.787181791297039","0.7805952588392264","0.773886435422621"
0.08875000000000001,2,1,"0.7567239422263947",1.0000000000000002,-0.6518084706373481,-5.9052862582463845,-34.99599180334449,0.10683695323747587,"0.802371752134384",0.8317960104388064,0.8261434845727532,"0.8203756301836191","0.814491588662419","0.8084905494095708","0.802371752134384","0.796134489196314","0.7897781079870594","0.7833020133524268"
0.09125,2,1,"0.7666835388504469",1.0000000000000004,-0.6112891367492862,-5.697292397044384,-33.973535250608606,0.10683695323747587,"0.8107554739302771",0.8391206048041128,0.8336743536458115,"0.8281155740677851","0.8224433848126788","0.8166569485361759","0.8107554739302771","0.8047382178852259","0.7986044876892584","0.7923536432652759"
0.09375,2,1,"0.7762702664707685",1.0000000000000004,-0.5725187956419282,-5.497331575909922,-32.9862082492135,0.10683695323747587,"0.8188160729820925",0.846158025350882,0.8409109060930126,"0.8355540293701321","0.8300864967423752","0.8245074499713368","0.8188160729820925","0.8130115938608987","0.8070932868878982","0.8010604746040338"
0.09625,2,1,"0.7855027935133981",1.0000000000000009,-0.5353910385097869,-5.304969302032994,-32.03241575156397,0.10683695323747587,"0.8265705402801633",0.8529237840628311,0.8478689617258193,"0.8427071184271638","0.8374373433196174","0.832058762391332","0.8265705402801633","0.8209718821209202","0.815262035424942","0.8094402919913403"
0.09875,2,1,"0.7943985362637942",1.0000000000000004,-0.4998084448807574,-5.119803418755629,-31.1106535830471,0.10683695323747587,"0.8340346479302088",0.8594322417204624,0.8545631734124108,"0.8495897819057949","0.8445111481163113","0.8393263867396059","0.8340346479302088","0.8286351190108334","0.8231270262115286","0.8175096364380768"
0.10125,2,1,"0.8029737621546543",1.0000000000000007,-0.46568162414761605,-4.941461065276754,-30.21950284735714,0.10683695323747587,"0.8412230589023167",0.8656967157609552,0.8610071356589656,"0.85621588794606","0.8513220489407628","0.8463247259656888","0.8412230589023167","0.8360162217737548","0.8307034243550065","0.8252839138102454"
0.10375000000000001,2,1,"0.8112436831535841",1.0000000000000007,-0.4329283797981664,-4.769595979231981,-29.357624587563794,0.10683695323747587,"0.8481494249747457",0.8717295759916919,0.8672134810574003,"0.8625983292090628","0.8578831953419979","0.8530671828317126","0.8481494249747457","0.8431290864552325","0.8380053648368493","0.8327774920796456"
0.10625,2,1,"0.8192225402991514",1.0000000000000007,-0.40147297812694693,-4.603886097393372,-28.52375472535438,0.10683695323747587,"0.8548264743368107",0.8775423297458029,0.8731939661727136,"0.8687491093835653","0.8642068356146331","0.8595662472858181","0.8548264743368107","0.8499866755869416","0.8450460401183917","0.8400037886823281"
0.10875,2,1,"0.8269236803181406",1.0000000000000004,-0.3712455062727253,-4.444031416323331,-27.716699288073475,0.10683695323747587,"0.8612660901111389",0.8831456978328354,0.878959548212279,"0.8746794204791305","0.8703043946139134","0.8658335746895144","0.8612660901111389","0.8566010968780626","0.8518377788668624","0.8469753491357666"
0.11125,2,1,"0.8343596251530544",1.0000000000000002,-0.3421813069154293,-4.289752080331181,-26.935329924281287,0.10683695323747587,"0.8674793808828547",0.8885496824411024,0.8845204536261918,"0.880399712044525","0.8761865435059831","0.8718800560071638","0.8674793808828547","0.8629836739775237","0.8583921168365799","0.8537039179170532"
0.11375,2,1,"0.8415421351363358",1.0000000000000007,-0.3142204790008655,-4.1407866687147035,-26.178579702473872,0.10683695323747587,"0.8734767441766155",0.893763627983474,0.8898862396255338,"0.8859197532907978","0.8818632624228169","0.8777158809141979","0.8734767441766155","0.869145010229231","0.8647198608052691","0.8602005024764631"
0.11625,2,1,"0.8484822664655013",1.0000000000000004,-0.287307435532778,-3.9968906581734096,-25.44543918357885,0.10683695323747587,"0.8792679236975646",0.8987962757397707,0.8950658494685094,"0.8912486889638925","0.8873438968594085","0.8833505946521051","0.8792679236975646","0.8750950462217936","0.8708311463497913","0.8664754311505338"
0.11875000000000001,2,1,"0.8551904235604316",1.0000000000000004,-0.2613905108506184,-3.8578350395830556,-24.73495275528502,0.10683695323747587,"0.8848620610457256",0.9036558130317485,0.9000676622487876,"0.8963950896976945","0.8926372085388881","0.8887931493488077","0.8848620610457256","0.8808431118310809","0.8767354901461384","0.8725384056437231"
0.12125,2,1,"0.861676406819511",1.0000000000000007,-0.2364216109537767,-3.7234050711189974,-24.046215214758664,0.10683695323747587,"0.8902677425222302",0.9083499175676094,0.904899537822143,"0.9013669974814625","0.8977514213759433","0.894051950429626","0.8902677425222302","0.8863979733654057","0.8824418373930593","0.8783985486655087"
0.12375,2,1,"0.8679494562341988",1.0000000000000002,-0.21235590138408478,-3.5933991520994693,-23.37836858555439,0.10683695323747587,"0.8954930415675348",0.9128857975086018,0.9095688574239327,"0.9061719667930143","0.9026942630875073","0.8991348986640852","0.8954930415675348","0.891767876346946","0.8879586048847915","0.8840644472387198"
0.12625,2,1,"0.8740182912711749",1.0000000000000004,-0.18915152797251272,-3.4676278039496067,-22.730599154306535,0.10683695323747587,"0.900545557304584",0.9172702277384878,0.9140825604586884,"0.9108171018784239","0.9074730029299548","0.9040494283252353","0.900545557304584","0.8969605843973988","0.8932937201946689","0.8895441921331496"
0.12875,2,1,"0.8798911473866465",1.0000000000000009,-0.16676936642228796,-3.345912746425917,-22.102134712936778,0.10683695323747587,"0.905432449601917",0.9215095827552034,0.9184471778819406,"0.9153090905984351","0.9120944859822248","0.9088025418791825","0.905432449601917","0.9019834146391683","0.8984546573760579","0.8948454138250111"
0.13125,2,1,"0.8855758094979642",1.0000000000000007,-0.14517279726136528,-3.2280860587311024,-21.492241992509275,0.10683695323747587,"0.9101604710216208",0.9256098665513911,0.9226688625420492,"0.919654235209746","0.9165651643426866","0.9134008415716028","0.9101604710216208","0.9068432699742334","0.9034484695391756","0.8999753153361207"
0.13375,2,1,"0.8910796427029183",1.0000000000000004,-0.1243275031709697,-3.113989416431257,-20.900224275423355,0.10683695323747587,"0.9147359959737273",0.9295767398051992,0.9267534168046554,"0.9238584804044481","0.9208911255631727","0.9178505582340487","0.9147359959737273","0.91154666856034","0.908281818620637","0.9049407022661073"
0.13625,2,1,"0.8964096205062361",1.0000000000000009,-0.10420128609823241,-3.0034733961926374,-20.32541917329258,0.10683695323747587,"0.919165047360955",0.9334155446636951,0.9307063177434476,"0.9279274388921811","0.9250781186050097","0.9221575775947745","0.919165047360955","0.9160997707670429","0.9129610026262566","0.9097480102954498"
0.13875,2,1,"0.901572350785573",1.0000000000000002,-0.0847639019024439,-2.896396841310988,-19.767196558571175,0.10683695323747587,"0.9234533209650174",0.9371313273675195,0.9345327401472112,"0.9318664147759408","0.9291315775685959","0.9263274643456324","0.9234533209650174","0.9205084038619004","0.9174919805959375","0.914403330406094"
0.14125000000000001,2,1,"0.9065740997050867",1.0000000000000007,-0.06598691057557426,-2.7926262818342122,-19.22495663872508,0.10683695323747587,"0.9276062077971746",0.9407288589361537,0.9382375775639322,"0.935680424943357","0.9330566434189894","0.9303654841878716","0.9276062077971746","0.9247780846489262","0.921880395511708","0.9189124320392354"
0.14375000000000002,2,1,"0.9114208137632972",1.000000000000001,-0.04784354032683429,-2.692035403798338,-18.69812816248039,0.10683695323747587,"0.9316288146107526",0.9442126541078218,0.9418254615773204,"0.9393742186698745","0.9368581839047263","0.9342766240544508","0.9316288146107526","0.9289140402567705","0.9261315953457391","0.9232807843859323"
0.14625,2,1,"0.9161181401428989",1.0000000000000007,-0.030308564034699732,-2.5945045627226087,-18.186166748401376,0.10683695323747587,"0.9355259827515746",0.9475869887058723,0.9453007794889534,"0.9429522956081262","0.9405408118449922","0.9380656106845789","0.9355259827515746","0.9329212272525073","0.9302506524237472","0.9275135759852344"
0.14875,2,1,"0.920671445513299",1.0000000000000004,-0.013358186753760186,-2.499920337055436,-17.68855332674488,0.10683695323747587,"0.9393023055031127",0.950855915584292,0.9486676905599379,"0.9464189223184886","0.9441089019409656","0.9417369277069022","0.9393023055031127","0.9368043492378901","0.9342423812605193","0.9316157327860082"
0.15125,2,1,"0.925085833421618",1.0000000000000002,0.0030300568775878767,-2.408175117741297,-17.2047926862024,0.10683695323747587,"0.9429621440663289",0.9540232792880351,0.9519301409490394,"0.9497781474788141","0.947566606250227","0.9452948313708754","0.9429621440663289","0.9405678730682985","0.9381113550076793","0.9355919348123309"
0.15375,2,1,"0.9293661603945168",1.0000000000000007,0.018877396345487085,-2.3191667304957115,-16.73441211776229,0.10683695323747587,"0.946509642299408",0.957092729549165,0.9550918774694174,"0.9530338158964831","0.9509178684482099","0.9487433650510251","0.946509642299408","0.9442160438198612","0.9418619206393125","0.9394466315578576"
0.15625,2,1,"0.933517050861271",1.0000000000000009,0.034203910982842665,-2.2327980877437446,-16.27696014851717,0.10683695323747587,"0.9499487403295109",0.960067733726753,0.9581564602730519,"0.9561895814328563","0.9541664369876305","0.9520863726356856","0.9499487403295109","0.9477528986172301","0.945498212988076","0.9431840562218298"
0.15875,2,1,"0.9375429109978564",1.0000000000000002,0.049028608499958194,-2.148976867500061,-15.832005358788015,0.10683695323747587,"0.9532831871371349",0.9629515882871053,0.9611272745604272,"0.959248918938646","0.9573158772552329","0.9553275109002635","0.9532831871371349","0.9511822794230366","0.9490241677330842","0.9468082388880626"
0.16125,2,1,"0.9414479415822987",1.0000000000000004,0.063369497027887,-2.067615216753475,-15.399135276449126,0.10683695323747587,"0.9565165522034921",0.9657474294108062,0.9640075414030028,"0.9622151352885853","0.960369582814995","0.9584702609548573","0.9565165522034921","0.9545078448798265","0.952443533430656","0.9503230187381555"
0.16375,2,1,"0.9452361499430284",1.0000000000000004,0.07724365130040664,-1.9886294771698683,-14.977955342810805,0.10683695323747587,"0.9596522363022172",0.9684582428041646,0.9668003277569385,"0.9650913795947491","0.9633307858179344","0.9615179388470012","0.9596522363022172","0.9577330812862861","0.9557598826700686","0.9537320553812673"
0.16625,2,1,"0.9489113610743507",1.0000000000000002,0.09066727353145984,-1.9119399311504988,-14.568087944857426,0.10683695323747587,"0.96269348150873",0.9710868727847954,0.9695085557387058,"0.9678806526699117","0.9662025666506033","0.9644737053923029","0.96269348150873","0.9608613127814722","0.9589766224284075","0.95703883937482"
0.16875,2,1,"0.952477227986263",1.0000000000000007,0.10365574948471282,-1.8374705664789537,-14.169171509042423,0.10683695323747587,"0.9656433804933822",0.9736360307041041,0.9721350112261223,"0.9705858158052696","0.9689878628872851","0.9673405752985621","0.9656433804933822","0.9638957108037133","0.9620970036914902","0.9602467020033374"
0.17125,2,1,"0.9559372413498084",1.000000000000001,0.1162237001787956,-1.7651488579655663,-13.780859652216671,0.10683695323747587,"0.9685048851581644",0.97610830276321,0.9746823518421447,"0.9732095989205336","0.9716894776045494","0.970121425642644","0.9685048851581644","0.9668393028843382","0.9651241304014658","0.9633588243763533"
0.17375000000000002,2,1,"0.9592947384935044",1.0000000000000009,0.12838502962511852,-1.6949055646530156,-13.402820385609688,0.10683695323747587,"0.9712808146710884",0.9785061572733987,0.9771531143731789,"0.9757546081388236","0.9743100871112088","0.9728190037536862","0.9712808146710884","0.969694980830823","0.968060967786001","0.9663782459005676"
0.17625000000000002,2,1,"0.9625529118015272",1.0000000000000007,0.14015296895400461,-1.6266745412858277,-13.034735368101883,0.10683695323747587,"0.9739738629472235",0.9808319514072111,0.9795497216686967,"0.9782233328337989","0.9768522481416663","0.975435934551185","0.9739738629472235","0.9724655083487614","0.9709103501188511","0.9693078721763898"
0.17875,2,1,"0.9657148165598012",1.0000000000000007,0.15154011724840627,-1.560392562869645,-12.676299205315718,0.10683695323747587,"0.9765866056209004",0.9830879374819829,0.9818744890645672,"0.9806181521919468","0.9793184045561768","0.9779747273819537","0.9765866056209004","0.975153528147566","0.9736749879570782","0.972150482364417"
0.18125,2,1,"0.9687833782921264",1.000000000000001,0.1625584793723563,-1.4959991612566603,-12.327218791322712,0.10683695323747587,"0.9791215065494264",0.9852762688136566,0.9841296303685285,"0.9829413413290595","0.9817108935874893","0.9804377823959245","0.9791215065494264","0.9777615685706663","0.97635747489605","0.9749087360632933"
0.18375,2,1,"0.9717613996248192",1.0000000000000007,0.17321950105264566,-1.4334364727922713,-11.987212690009198,0.10683695323747587,"0.98158092388509",0.9873990051752536,0.9863172634426557,"0.9851950769962429","0.9840319516697432","0.9828273964970993","0.98158092388509","0.9802920497873475","0.9789602938796804","0.97758517973672"
0.18625,2,1,"0.9746515667150718",1.0000000000000009,0.18353410144686338,-1.3726490961462485,-11.656010553369,0.10683695323747587,"0.983967115748888",0.9894581178911988,0.9884394154145905,"0.9873814429076879","0.9862837198822672","0.9851457689027284","0.983967115748888","0.9827472895800162","0.981485823100066","0.980182252724054"
0.18875,2,1,"0.9774564552752344",1.0000000000000007,0.19351270340832202,-1.3135839595316796,-11.333352574201237,0.10683695323747587,"0.9862822455364766",0.9914554945959347,0.9904980275463601,"0.989502434719449","0.9884682490379856","0.9873950063408252","0.9862822455364766","0.9851295087577805","0.983936341517671","0.9827022928659414"
0.19125,2,1,"0.9801785362225337",1.0000000000000004,0.20316526163829007,-1.2561901965851732,-11.018988970879555,0.10683695323747587,"0.9885283868841732",0.993392943682655,0.9924949597870992,"0.9915599646860238","0.9905875044435621","0.9895771279134933","0.9885283868841732","0.9874408362244507","0.9863140340305284","0.9851475417737264"
0.19375,2,1,"0.9828201809813032",1.0000000000000007,0.21250128889793288,-1.2004190302472064,-10.712679502037226,0.10683695323747587,"0.9907075283204486",0.9952721984658036,0.9944319950336659,"0.9935558660190384","0.992643370356009","0.9916940696511745","0.9907075283204486","0.9896833137267412","0.9886209963184787","0.9875201497689214"
0.19625,2,1,"0.9853836664625487",1.0000000000000004,0.22152988043628657,-1.146223664038237,-10.414193009171823,0.10683695323747587,"0.9928215776261572",0.9970949210788226,0.9963108431210606,"0.9954918969703416","0.9946376541583778","0.993747688780766","0.9928215776261572","0.9918589003062186","0.9908592393862998","0.989822180516843"
0.19875,2,1,"0.9878711797437195",1.0000000000000009,0.2302597367762446,-1.0935591801788744,-10.123306985322651,0.10683695323747587,"0.9948723659248095",0.9988627061268855,0.9981331445626873,"0.9973697446598812","0.9965720902752354","0.9957397677285807","0.9948723659248095","0.9939694764765582","0.9930306938275395","0.9920556153764867"
0.20125,2,1,"0.990284822469619",1.0000000000000007,0.23869918498757478,-1.0423824440493783,-9.83980716811003,0.10683695323747587,"0.9968616515223918",1.0005770841126085,0.9999004740587855,"0.9991910286669927","0.9984483438468645","0.9976720178774374","0.9968616515223918","0.9960168481459094","0.9951372138290872","0.9942223574868845"
0.20375000000000001,2,1,"0.992626614993841",1.0000000000000004,0.24685619856443725,-0.9926520145260702,-9.563487155550705,0.10683695323747587,"0.9987911235146633",1.0022395246512346,1.0016143437898508,"1.0009573044022015","1.0002680141795548","0.9995460830954626","0.9987911235146633","0.9980027503025126","0.9971805809348958","0.9963242356086"
0.20625000000000002,2,1,"0.994898500278471",1.0000000000000004,0.25473841601438835,-0.9443280597713296,-9.29414804318001,0.10683695323747587,"1.0006624051783557",1.0038514394904383,1.0032762065104124,"1.002670066275227","1.0020326379879623","1.00136354305288","1.0006624051783557","0.9999288504802595","0.9991625075857439","0.9983630077374356"
0.20875000000000002,2,1,"0.9971023475685185",1.0000000000000002,0.2623531582565636,-0.8973722780879676,-9.031598081115964,0.10683695323747587,"1.0024770571614003",1.0054141853486165,1.0048874584573773,"1.004330750673568","1.003743692444131","1.0031259163416009","1.0024770571614003","1.0017967520195237","1.0010846404505744","1.0003403645061375"
0.21125,2,1,"0.9992399558561783",1.000000000000001,0.26970744491818294,-0.8517478234812885,-8.775652349800504,0.10683695323747587,"1.0042365804860889",1.0069290665844537,1.0064494420858692,"1.0059407387649189","1.0054025980467067","1.0048346634113705","1.0042365804860889","1.0036079971373912","1.002948563563768","1.0022579323885763"
0.21375,2,1,"1.0013130571489397",1.0000000000000009,0.2768080096109378,-0.8074192356004001,-8.526132453241487,0.10683695323747587,"1.0059424193779911",1.008397337709456,1.0079634486445843,"1.007501359135615","1.0070107213226795","1.0064911893350226","1.0059424193779911","1.0053640698202901","1.0047558012815028","1.0041172767198097"
0.21625,2,1,"1.0033233195544606",1.0000000000000007,0.2836613142619159,-0.7643523737566125,-8.28286622866299,0.10683695323747587,"1.007595963932411",1.0098202057542638,1.0094307206016222,"1.0090138902762722","1.0085693773731261","1.0080968464145037","1.007595963932411","1.0070663985510275","1.0065078210694045","1.0059199045443412"
0.21875,2,1,"1.0052723501941503",1.0000000000000007,0.2902735625673912,-0.7225143547408641,-8.045687471548266,0.10683695323747587,"1.0091985526293095",1.0111988324987429,1.0108524539309802,"1.010479562925028","1.0100798322734366","1.00965293663835","1.0091985526293095","1.008716358881264","1.0082060361327092","1.0076672673039937"
0.22125,2,1,"1.0071616979565434",1.0000000000000004,0.2966507126323115,-0.6818734941834471,-7.814435675130155,0.10683695323747587,"1.010751474706723",1.0125343365749258,1.0122298002690509,"1.0118995622778608","1.0115433053377731","1.011160714000515","1.010751474706723","1.0103152758597078","1.009851807899325","1.0093607633759312"
0.22375,2,1,"1.0089928561007306",1.0000000000000009,0.302798488852959,-0.6423992512194561,-7.588955783449061,0.10683695323747587,"1.0122559724019915",1.0138277954513923,1.0135638689497415,"1.013275030074844","1.012960971256733","1.0126213866897127","1.0122559724019915","1.0118644263254355","1.0114464483653878","1.0110017404705665"
0.22625,2,1,"1.0107672647193189",1.0000000000000004,0.30872239309584254,-0.6040621762412354,-7.369097957159388,0.10683695323747587,"1.0137132430693905",1.015080247306805,1.0148557289262505,"1.0146070665704412","1.01433396211648","1.014036119157668","1.0137132430693905","1.013365041075078","1.0129912223122113","1.0125914978983748"
0.22875,2,1,"1.012486313069775",1.0000000000000007,0.3144277152214256,-0.5668338615358287,-7.154717351320758,0.10683695323747587,"1.0151244411821128",1.0162926927999114,1.0161064105868334,"1.0158967323953987","1.0156633693070698","1.0154060340741482","1.0151244411821128","1.0148183069120098","1.0144873494028421","1.014131288713994"
0.23125,2,1,"1.0141513417823276",1.0000000000000009,0.31991954299754294,-0.5306868946204647,-6.945673904462025,0.10683695323747587,"1.0164906802260114",1.0174660967426614,1.0173169074714214,"1.0171450503171948","1.0169502453270456","1.0167322141759936","1.0164906802260114","1.0162253685850133","1.015936006165862","1.015622321745332"
0.23375,2,1,"1.0157636449520255",1.0000000000000004,0.3252027714439097,-0.49559481410288764,-6.741832138253731,0.10683695323747587,"1.0178130344918763",1.0186013896826385,1.018488177895397,"1.0183530069054954","1.0181956054908814","1.0180157040168554","1.0178130344918763","1.0175873306233723","1.0173383278735029","1.017065763514898"
0.23625000000000002,2,1,"1.0173244721220547",1.0000000000000007,0.33028211164567534,-0.46153206790643003,-6.543060967169707,0.10683695323747587,"1.0190925407726654",1.0196994694005903,1.0196211464864224,"1.0195215541086153","1.0194004295454129","1.0192575116238711","1.0190925407726654","1.0189052590748675","1.0186954103206605","1.0184627400600137"
0.23875000000000002,2,1,"1.0188350301648694",1.0000000000000007,0.3351620990714335,-0.42847397371073287,-6.349233517557482,0.10683695323747587,"1.0203301999715049",1.0207612023283135,1.0207167056397328,"1.0206516107465469","1.0205656632008926","1.0204586100670678","1.0203301999715049","1.0201801831526605","1.0200083115108776","1.0198143386581324"
0.24125,2,1,"1.0202964850672671",1.0000000000000007,0.33984710142800634,-0.39639668147039947,-6.160226955577877,0.10683695323747587,"1.0215269786259757",1.0217874248919088,1.0217757168969626,"1.021744063925696","1.021692219581959","1.0216199389468512","1.0215269786259757","1.021413096796649","1.0212780532550063","1.021121609463017"
0.24375,2,1,"1.0217099636251419",1.0000000000000004,0.34434132608219886,-0.3652771378832622,-5.975922323506718,0.10683695323747587,"1.0226838103537725",1.022778944784966,1.0227990122532047,"1.0227997703801317","1.022780980603396","1.0227424058045527","1.0226838103537725","1.0226049601544625","1.022505622687801","1.0223855670571562"
0.24625,2,1,"1.0230765550531935",1.0000000000000007,0.3486488270773189,-0.33509305268915085,-5.796204383926144,0.10683695323747587,"1.023801597224435",1.023736542175927,1.0237873953966428,"1.0238195577438025","1.0238327982752249","1.023826887460732","1.023801597224435","1.0237567009869275","1.0236919737073613","1.0236071919254122"
0.24875,2,1,"1.0243973125146095",1.0000000000000007,0.3527735117702709,-0.30582286668830244,-5.620961471362027,0.10683695323747587,"1.0248812110616128",1.0246609708536534,1.0247416428848448,"1.0248042257578778","1.0248484959414057","1.0248742312854944","1.0248812110616128","1.0248692160025183","1.024838028342011","1.0247874318545709"
0.25125,2,1,"1.025673254575297",1.0000000000000004,0.3567191471130655,-0.2774457213764644,-5.450085350953385,0.10683695323747587,"1.025923494679915",1.0255529593148496,1.0256625052614778,"1.0257545474170593","1.0258288694560427","1.0258852564048933","1.025923494679915","1.0259433721249291","1.0259446780488568","1.0259272032631208"
0.25375,2,1,"1.0269053665870411",1.0000000000000007,0.3604893656010064,-0.2499414301003501,-5.283471083764541,0.10683695323747587,"1.0269292630602156",1.026413211796795,1.0265507081169687,"1.026671270058474","1.0267746883008013","1.026860754847158","1.0269292630602156","1.0269800076977367","1.0270127849480375","1.0270273924653295"
0.25625,2,1,"1.0280946020035946",1.0000000000000007,0.3640876709080847,-0.22329045064419617,-5.12101689837605,0.10683695323747587,"1.0278993044669833",1.0272424092586137,1.0274069530964098,"1.0275551163965093","1.0276866966469613","1.02780149263223","1.0278993044669833","1.0279799336297335","1.0280431829963477","1.028088856873386"
0.25875,2,1,"1.029241883633518",1.0000000000000009,0.36751744322871194,-0.19747385916372562,-4.962624068412816,0.10683695323747587,"1.028834381510931",1.0280412103140526,1.0282319188577531,"1.0284067855067054","1.0285656143652926","1.0287082108079213","1.028834381510931","1.028943934484395","1.0290366791037266","1.0291124261411624"
0.26125,2,1,"1.0303481048332646",1.0000000000000004,0.37078194434361167,-0.17247332538976215,-4.808196795688757,0.10683695323747587,"1.0297352321601636",1.0288102521185745,1.0290262619831554,"1.0292269537616485","1.0294121379867665","1.0295816264356812","1.0297352321601636","1.0298727695166012","1.0299940541958432","1.0300989032528782"
0.26375,2,1,"1.031414130643867",1.0000000000000004,0.37388432242638103,-0.1482710890285578,-4.657642098666857,0.10683695323747587,"1.0306025707026885",1.029550151213387,1.029790617846163,"1.0300162757215765","1.030226941616866","1.0304224335289058","1.0306025707026885","1.0307671736596435","1.0309160642258004","1.0310490655597704"
0.26625,2,1,"1.0324407988742854",1.0000000000000004,0.37682761660616143,-0.1248499372909498,-4.5108697059523895,0.10683695323747587,"1.0314370886630309",1.0302615043288101,1.0305256014372068,"1.0307753849822803","1.0310106778061268","1.0312313039463716","1.0314370886630309","1.0316278584652434","1.0318034411378272","1.031963665767658"
0.26875,2,1,"1.033428921134363",1.0000000000000004,0.3796147613007381,-0.10219318348677105,-4.367791954553169,0.10683695323747587,"1.0322394556754997",1.0309448891493047,1.0312318081497611,"1.031504894982634","1.0317639783793453","1.0320088882433545","1.0322394556754997","1.0324555129992183","1.0326568937855687","1.0328434328781044"
0.27125,2,1,"1.0343792838200843",1.0000000000000007,0.3822485903335053,-0.08028464662489758,-4.228323692657511,0.10683695323747587,"1.0330103203165026",1.0316008650422792,1.0319098145293415,"1.032205399774069","1.0324874552257415","1.0327558164827464","1.0330103203165026","1.0332508046952273","1.0334771088075054","1.0336890730857256"
0.27375,2,1,"1.0352926490537186",1.0000000000000004,0.38473184084670986,-0.05910863196345838,-4.092382186694899,0.10683695323747587,"1.033750310898127",1.032229973752653,1.0325601789873944,"1.0328774747540157","1.0331817010521962","1.0334726990083434","1.033750310898127","1.0340143801688766","1.0342647514617955","1.034501270634005"
0.27625,2,1,"1.036169755581228",1.0000000000000007,0.38706715702272226,-0.03864991245779045,-3.9598870324581,0.10683695323747587,"1.034460036225089",1.0328327400650896,1.033183442481987,"1.0335216773652933","1.033847290101623","1.0341601271823968","1.034460036225089","1.0347468659943184","1.0350204664227536","1.035280688631862"
0.27875,2,1,"1.0370113196292028",1.0000000000000007,0.38925709362411487,-0.018893711057544307,-3.830760070079059,0.10683695323747587,"1.035140086317043",1.0334096724356117,1.033780129167095,"1.0341385477633263","1.0344847788382885","1.0348186740893046","1.035140086317043","1.0354488694453643","1.0357448785410024","1.0360279698330552"
0.28125,2,1,"1.0378180357234574",1.000000000000001,0.39130411936285203,0.00017431619327980968,-3.704925302662021,0.10683695323747587,"1.0357910330980502",1.033961263594277,1.0343507470121907,"1.034728609452842","1.0350947066018963","1.0354488952072851","1.0357910330980502","1.0361209792030037","1.0364385935692273","1.0367437373803998"
0.28375,2,1,"1.0385905774712565",1.0000000000000007,0.3932106201079662,0.01856809629597474,-3.58230881838977,0.10683695323747587,"1.0364134310549862",1.034487991120423,1.0348957883936742,"1.035292369895737","1.035677596232069","1.03605132904971","1.0364134310549862","1.0367637660310702","1.0371021988553415","1.0374285955166223"
0.28625,2,1,"1.039329598309059",1.0000000000000009,0.39497890194077134,0.036301154717193036,-3.462838715928367,0.10683695323747587,"1.0370078178664803",1.0349903179919766,1.0354157306596843,"1.0358303210915836","1.036233954664802","1.0366264977776918","1.0370078178664803","1.0373777834217537","1.0377362640047694","1.0380831302636147"
0.28875,2,1,"1.0400357322175324",1.0000000000000007,0.3966111940658339,0.053386630127158885,-3.34644503296646,0.10683695323747587,"1.0375747150039345",1.0354686931101345,1.0359110366696245,"1.0363429401322335","1.0367642735023195","1.03717490778543","1.0375747150039345","1.0379635682125063","1.0383413415134237","1.0387079100717065"
0.29124999999999995,2,1,"1.0407095944055145",1.0000000000000007,0.398109651585585,0.06983728849174102,-3.233059677734176,0.10683695323747587,"1.0381146283060576",1.0359235518007452,1.036382155309774,"1.0368306897318462","1.0372690295577436","1.0376970502596967","1.0381146283060576","1.0385216411758076","1.038917967372908","1.0393034864404822"
0.29374999999999996,2,1,"1.041351781964465",1.0000000000000007,0.3994763581458853,0.08566553655200156,-3.122616363355062,0.10683695323747587,"1.0386280485282702",1.0363553162935553,1.036829521986179,"1.0372940187336144","1.0377486853758464","1.0381934017148333","1.0386280485282702","1.0390525075831771","1.0394666616493433","1.0398703945126002"
0.29624999999999996,2,1,"1.0419628744948999",1.0000000000000007,0.4007133284593813,0.10088343472258281,-3.015050544893471,0.10683695323747587,"1.0391154518682522",1.0367643961804796,1.0372535590959777,"1.0377333625943663","1.0382036897311175","1.0386644245044547","1.0391154518682522","1.039556657744754","1.039987929037149","1.0404091536419864"
0.29874999999999996,2,1,"1.0425434347061824",1.0000000000000004,0.40182251071314773,0.11550270943886232,-2.9102993589663035,0.10683695323747587,"1.0395773004688256",1.0371511888539406,1.0376546764782981,"1.038149143848174","1.0386344781042678","1.0391105673110497","1.0395773004688256","1.0400345675256457","1.0404822593890468","1.0409202679376457"
0.30124999999999996,2,1,"1.0430940089909861",1.0000000000000004,0.40280578886660895,0.12953476498058625,-2.8083015657962505,0.10683695323747587,"1.0400140428993239",1.0375160799262908,1.0380332718456933,"1.0385417725500066","1.039041473138288","1.0395322656146049","1.0400140428993239","1.0404866988402173","1.0409501282234426","1.0414042267843433"
0.30374999999999996,2,1,"1.0436151279756782",1.0000000000000004,0.403664984845491,0.14299069479858265,-2.7089974935895773,0.10683695323747587,"1.0404261146164904",1.0378594436312674,1.0383897311971417,"1.038911646700442","1.0394250850750355","1.039929942141271","1.0404261146164904","1.04091350012541","1.0413919972103427","1.041861505341276"
0.30624999999999997,2,1,"1.0441073070477644",1.0000000000000007,0.4044018606370901,0.1558812923691752,-2.6123289851283658,0.10683695323747587,"1.040813938405933",1.0381816432083375,1.0387244292134803,"1.0392591526523405","1.0397857121733438","1.0403040072930423","1.040813938405933","1.0413154067941184","1.0418083146368264","1.0422925650197936"
0.30874999999999997,2,1,"1.0445710468615228",1.0000000000000007,0.4050181202919016,0.16821706159990382,-2.5182393464726966,0.10683695323747587,"1.0411779248050623",1.0384830312708373,1.0390377296361601,"1.0395846655004186","1.040123741109538","1.0406548595594163","1.0411779248050623","1.0416928416695888","1.0421995158530646","1.0426978539412262"
0.31124999999999997,2,1,"1.0450068338228604",1.0000000000000007,0.4055154118363557,0.18000822680853126,-2.426673297673988,0.10683695323747587,"1.0415184725084243",1.0387639501586172,1.039329985630117,"1.0398885494544796","1.040439547361222","1.0409828859118646","1.0415184725084243","1.0420462154017704","1.042566023699842","1.0430778073757223"
0.31375,2,1,"1.0454151405543624",1.0000000000000009,0.40589532910106213,0.19126474229627913,-2.3375769254059504,0.10683695323747587,"1.0418359687562702",1.039024732276014,1.0396015401315524,"1.0401711581971609","1.0407334955751324","1.0412884621819707","1.0418359687562702","1.0423759268664685","1.0429082489184565","1.043432848163065"
0.31625,2,1,"1.0457964263414927",1.0000000000000007,0.4061594134688021,0.2019963015349692,-2.2508976374244325,0.10683695323747587,"1.0421307897071512",1.0392657004158008,1.039852726181313,"1.0404328352268923","1.041005939919829","1.041571953423994","1.0421307897071512","1.0426823635481233","1.0432265905438431","1.0437633871162635"
0.31875,2,1,"1.0461511375607966",1.0000000000000009,0.40630915554617203,0.2122123459867495,-2.166584118772097,0.10683695323747587,"1.0424033007953162",1.0394871680698177,1.0400838672445722,"1.0406739141867938","1.0412572244239469","1.0418337142626295","1.0424033007953162","1.0429659019070021","1.0435214362816843","1.0440698234087593"
0.32125,2,1,"1.0464797080909685",1.0000000000000004,0.40634599676262523,0.22192207357394325,-2.0845862896483984,0.10683695323747587,"1.0426538570736006",1.039689439726893,1.0402952775174745,"1.040894719180146","1.0414876833006608","1.042074089226595","1.0426538570736006","1.0432269077315026","1.043793162870299","1.0443525449460196"
0.32375,2,1,"1.0467825597075375",1.000000000000001,0.4062713309003975,0.23113444681571688,-2.0048552648691635,0.10683695323747587,"1.0428828035424837",1.0398728111586608,1.0404872622213166,"1.0410955650731188","1.0416976412590522","1.0422934130687982","1.0428828035424837","1.0434657364762912","1.0440421364279728","1.0446119287222206"
0.32625,2,1,"1.0470601024619626",1.0000000000000004,0.4060865055586335,0.23985820064733374,-1.9273433148440615,0.10683695323747587,"1.0430904754659942",1.0400375696938347,1.040660117884883,"1.0412767577852597","1.0418874138029368","1.0424920110736167","1.0430904754659942","1.0436827335869188","1.0442687127864347","1.0448483411627132"
0.32875,2,1,"1.0473127350458045",1.0000000000000004,0.4057928235548405,0.248101849936893,-1.8520038280040358,0.10683695323747587,"1.0432771986750011",1.0401839944814677,1.0408141326154505,"1.0414385945684008","1.0420573075177721","1.042670199351939","1.0432771986750011","1.043878234811516","1.0444732378111024","1.0450621384529262"
0.33125,2,1,"1.0475408451406671",1.0000000000000007,0.40539154426658885,0.25587369671366494,-1.778791274613965,0.10683695323747587,"1.0434432898585178",1.0403123567437087,1.040949586359012,"1.0415813642744511","1.0422076203461543","1.0428282851244992","1.0434432898585178","1.044052566500195","1.044656047708671","1.0452536668543224"
0.33375,2,1,"1.0477448097545405",1.0000000000000004,0.4048838849162768,0.26318183712146426,-1.7076611719091717,0.10683695323747587,"1.0435890568435393",1.0404229200185342,1.041066751150174,"1.0417053476126064","1.0423386418524485","1.0429665669940575","1.0435890568435393","1.0442060458926676","1.0448174693226786","1.045423263007979"
0.33625,2,1,"1.0479249955451528",1.0000000000000007,0.40427102180156066,0.2700341681096954,-1.6385700504975083,0.10683695323747587,"1.0437147988639337",1.0405159403929005,1.0411658913522173,"1.0418108173964278","1.0424506534770215","1.0430853352068865","1.0437147988639337","1.044338981394645","1.0449578204175072","1.0455712542263487"
0.33875,2,1,"1.0480817591308793",1.0000000000000007,0.40355409147393523,0.2764383938741023,-1.5714754219715616,0.10683695323747587,"1.0438208068188524",1.0405916667267454,1.041247263887773,"1.0418980387812808","1.0425439287805593","1.043184871904092","1.0438208068188524","1.044451672843485","1.0450774099513913","1.0456979587737396"
0.34125,2,1,"1.048215447389803",1.0000000000000007,0.40273419186783627,0.28240203205867936,-1.506335747678202,0.10683695323747587,"1.043907363521173",1.040650340868263,1.0413111184604769,"1.041967269492528","1.0426187336788835","1.043265451363179","1.043907363521173","1.0445444117635927","1.045176538338908","1.0458036861359958"
0.34375,2,1,"1.0483263977473742",1.0000000000000009,0.40181238338245406,0.28793241972953953,-1.4431104085953825,0.10683695323747587,"1.0439747439363507",1.0406921978608088,1.0413576977680716,"1.042018760044889","1.042675326668716","1.0433273402303067","1.0439747439363507","1.0446174816120073","1.0452554977033717","1.0458887372798378"
0.34625,2,1,"1.0484149384532282",1.0000000000000004,0.40078968991838,0.2930367191310176,-1.3817596762684659,0.10683695323747587,"1.04402321541214",1.0407174661418244,1.0413872377072713,"1.0420527539533746","1.0427139590447607","1.043370797743636","1.04402321541214","1.044671158014586","1.0453145721196286","1.0459534049023478"
0.34875,2,1,"1.0484813888475628",1.0000000000000002,0.3996670998710567,0.2977219232338097,-1.3222446847606375,0.10683695323747587,"1.044053037899561",1.0407263677341196,1.0413999675707777,"1.0420694879361376","1.0427348751084824","1.0433960759481482","1.044053037899561","1.0447057089932292","1.0453540378476232","1.0459979736709961"
0.35125,2,1,"1.0485260596175825",1.0000000000000007,0.39844556708294543,0.3019948610844089,-1.264527403574127,0.10683695323747587,"1.044064464165503",1.0407191184298383,1.041396110236777,"1.042069192109581","1.0427383123689706","1.0434034199023325","1.044064464165503","1.0447213951844976","1.0453741635571365","1.0460227204546109"
0.35374999999999995,2,1,"1.048549253044359",1.0000000000000007,0.39712601175614887,0.30586220296465816,-1.2085706115011001,0.10683695323747587,"1.0440577399972861",1.0406959279674364,1.041375882351238,"1.0420520901760986","1.0427245017361628","1.0433930678770282","1.0440577399972861","1.0447184700499974","1.0453752105440948","1.0460279145457"
0.35624999999999996,2,1,"1.0485512632405765",1.0000000000000007,0.39570932132721237,0.3093304653698332,-1.1543378713649133,0.10683695323747587,"1.0440331043995648",1.0406570002019384,1.041339494503314,"1.0420183996046954","1.0426936677068153","1.0433652515468186","1.0440331043995648","1.044697180078895","1.0453574329387827","1.046013817874454"
0.35874999999999996,2,1,"1.04853237637949",1.0000000000000004,0.3941963513056829,0.31240601581322136,-1.1017935056143293,0.10683695323747587,"1.0439907897838696",1.0406025332687907,1.0412871513941622,"1.0419683318048607","1.0426460285434995","1.0433201961742389","1.0439907897838696","1.044657764982856","1.0453210779062954","1.0459806852148212"
0.36124999999999996,2,1,"1.0484928709154862",1.0000000000000004,0.3925879260779531,0.3150950774648022,-1.050902572735007,0.10683695323747587,"1.0439310221510834",1.0405327197415497,1.0412190519993993,"1.0419020922938884","1.0425817964468946","1.0432581207871383","1.0439310221510834","1.0446004578837675","1.0452663858395757","1.045928764382936"
0.36374999999999996,2,1,"1.0484330177965813",1.0000000000000004,0.3908848396778255,0.3174037336312793,-1.0016308444442175,0.10683695323747587,"1.0438540212671799",1.0404477467836868,1.0411353897255324,"1.0418198808580155","1.042501177721692","1.043179238349439","1.0438540212671799","1.0445254854945116","1.0451935905453107","1.0458582964282457"
0.36624999999999996,2,1,"1.0483530806691972",1.0000000000000004,0.3890878565251397,0.3193379320843326,-0.9539447836363707,0.10683695323747587,"1.0437600008324648",1.0403477962947296,1.0410363525605455,"1.0417218917075382","1.042404372936348","1.0430837559256056","1.0437600008324648","1.0444330682930782","1.0451029194230221","1.0457695158176452"
0.36874999999999997,2,1,"1.0482533160754912",1.0000000000000009,0.3871977121337904,0.3209034892436876,-0.9078115230482798,0.10683695323747587,"1.04364916864459",1.040233045050983,1.040922123218932,"1.0416083136262235","1.042291577076947","1.0429718748390258","1.04364916864459","1.0443234206902914","1.0449945936375695","1.0456626506128546"
0.37124999999999997,2,1,"1.0481339736435942",1.0000000000000007,0.38521511379033035,0.322106094221263,-0.8631988446146028,0.10683695323747587,"1.0435217267556232",1.040103664841044,1.0407928792813497,"1.041479330115199","1.0421629796954","1.0428437908246215","1.0435217267556232","1.0441967511914199","1.0448688282853942","1.0455379226413708"
0.37374999999999997,2,1,"1.047995296270987",1.0000000000000009,0.383140741204329,0.32295131273233785,-0.8200751594852425,0.10683695323747587,"1.0433778716233688",1.0399598225963231,1.040648793329158,"1.0413351195315725","1.0420187650522204","1.0426996941758497","1.0433778716233688","1.0440532625518852","1.044725832554695","1.0453955476611985"
0.37625,2,1,"1.0478375203013155",1.0000000000000009,0.38097524713159925,0.323444590879501,-0.7784094886776116,0.10683695323747587,"1.0432177942571845",1.0398016805167747,1.040490033074025,"1.041175855221972","1.0418591122540912","1.0425397698863557","1.0432177942571845","1.0438931519273478","1.0445658098798332","1.0452357355196489"
0.37875,2,1,"1.047660875694894",1.0000000000000007,0.37871925797132494,0.3235912588147731,-0.7381714443380205,0.10683695323747587,"1.0430416803585343",1.0396293961920098,1.0403167614827677,"1.0410017056512186","1.0416841953864135","1.0423641977864935","1.0430416803585343","1.0437166110183298","1.0443889580901407","1.0450586903064034"
0.38125,2,1,"1.0474655861931366",1.0000000000000007,0.3763733743381004,0.3233965342851264,-0.6993312115874898,0.10683695323747587,"1.0428497104564394",1.0394431227180005,1.0401291368976775,"1.0408128345263215","1.0414941836410538","1.0421731526748845","1.0428497104564394","1.0435238262096493","1.0441954695533906","1.0448646105010955"
0.38375,2,1,"1.0472518694771653",1.0000000000000007,0.3739381716098019,0.32286552606637703,-0.6618595309283767,0.10683695323747587,"1.0426420600380581",1.0392430088095062,1.0399273131524447,"1.0406094009159625","1.0412892414394626","1.0419668044452288","1.0426420600380581","1.0433149787048386","1.0439855313141189","1.0446536891156084"
0.38625,2,1,"1.0470199373208018",1.0000000000000002,0.3714142004521998,0.3220032372901676,-0.6257276811892538,0.10683695323747587,"1.0424188996745756",1.0390291989084373,1.039711439683884,"1.0403915593656665","1.041069528551348","1.0417453182085672","1.0424188996745756","1.043090244655732","1.043759325226985","1.0444261138312916"
0.38875,2,1,"1.0467699957381653",1.0000000000000009,0.36880198732117186,0.3208145686686252,-0.5909074629864286,0.10683695323747587,"1.0421803951425677",1.0388018332882614,1.039481661639619,"1.0401594600088055","1.040835200209065","1.0415088544111093","1.0421803951425677","1.0428497952874256","1.0435170280853925","1.0441820671312847"
0.39125,2,1,"1.0465022451260746",1.0000000000000009,0.3661020349432934,0.31930432162100836,-0.5573711826813985,0.10683695323747587,"1.0419267075410417",1.0385610481546392,1.039238119981865,"1.0399132486736022","1.0405864072179034","1.0412575689478665","1.0419267075410417","1.0425937970187704","1.0432588117455144","1.0439217264281566"
0.39375,2,1,"1.046216880401464",1.0000000000000004,0.3633148227756059,0.31747720130651985,-0.5250916368144477,0.10683695323747587,"1.0416579934042602",1.038306975742413,1.038980951587462,"1.0396530669862805","1.0403232960624023","1.0409916132722097","1.0416579934042602","1.042322411578579","1.0429848432459201","1.043645264187008"
0.39625,2,1,"1.0459140911339684",1.0000000000000009,0.36044080744526225,0.3153378195672667,-0.49404209699540613,0.10683695323747587,"1.041374404810581",1.0380397444090876,1.038710289344316,"1.0393790524704998","1.0400460090088628","1.0407111345014914","1.041374404810581","1.0420357961176898","1.0426952849229416","1.0433528480442211"
0.39875,2,1,"1.045594061673889",1.0000000000000004,0.35748042316975465,0.31289069778518935,-0.46419629523336037,0.10683695323747587,"1.0410760894873858",1.037759478724929,1.0384262622443512,"1.0390913386432195","1.039754684204175","1.0404162755189055","1.0410760894873858","1.041734103317051","1.0423902945219754","1.0430446409220113"
0.40125,2,1,"1.0452569712756774",1.0000000000000002,0.3544340821583784,0.31014026965662217,-0.4355284096879002,0.10683695323747587,"1.0407631909122996",1.0374662995598187,1.0381289954731128,"1.03879005510714","1.0394494557711138","1.0401071750717217","1.0407631909122996","1.0414174814919774","1.042070025304824","1.0427208011389375"
0.40375,2,1,"1.0449029942171342",1.0000000000000009,0.35130217499554817,0.30709088388798644,-0.40801305082516615,0.10683695323747587,"1.0404358484107838",1.037160324166958,1.0378186104961562,"1.038475327639782","1.0391304539002308","1.0397839678659904","1.0404358484107838","1.041086074692697","1.041734626153257","1.0423814825165156"
0.40625,2,1,"1.0445322999144353",1.0000000000000004,0.3480850710065529,0.30374680681601035,-0.3816252479626398,0.10683695323747587,"1.040094197250287",1.036841666263556,1.037495225142315,"1.038147278279416","1.0387978049384348","1.039446784657879","1.040094197250287","1.0407400228013362","1.0413842416688948","1.0420268344820798"
0.40875,2,1,"1.044145053033163",1.0000000000000004,0.34478311860633293,0.30011222495569945,-0.3563404361873028,0.10683695323747587,"1.0397383687310155",1.0365104361086002,1.0371589536839638,"1.0378060254078656","1.0384516314744319","1.0390957523417625","1.0397383687310155","1.0403794616254678","1.0410190122695775","1.0416570021680038"
0.41125,2,1,"1.043741413595489",1.0000000000000007,0.3413966456317709,0.2961912474791632,-0.33213444363235944,0.10683695323747587,"1.0393684902734983",1.0361667405777955,1.0368099069143948,"1.037451683830358","1.0380920524210744","1.0387309940351528","1.0393684902734983","1.0400045229883508","1.0406390742823302","1.0412721265074492"
0.41375,2,1,"1.0433215370836069",1.0000000000000009,0.3379259596580388,0.2919879086283087,-0.3089834790983296,0.10683695323747587,"1.0389846855030236",1.0358106832358112,1.0364481922223934,"1.037084364852494","1.037719183094778","1.0383526291605913","1.0389846855030236","1.039615334815942","1.040244560033018","1.0408723443267287"
0.41625,2,1,"1.0428855745395789",1.0000000000000007,0.3343713482994474,0.2875061700642602,-0.286864120004872,0.10683695323747587,"1.038587074331073",1.0354423644058837,1.036073913664116,"1.0367041763544378","1.0373331352920785","1.0379607735246246","1.038587074331073","1.0392120212208527","1.0398355979328444","1.040457788434398"
0.41874999999999996,2,1,"1.0424336726617047",1.0000000000000004,0.33073307949527014,0.2827499231562947,-0.26575330066021013,0.10683695323747587,"1.0381757730338272",1.0350618812368813,1.0356871720323537,"1.0363112228624192","1.03693401736342","1.0375555393939337","1.0381757730338272","1.0387947025832793","1.0394123125617991","1.0400285877072348"
0.42124999999999996,2,1,"1.0419659738975375",1.0000000000000004,0.327011401780961,0.27772299121294447,-0.2456283008355751,0.10683695323747587,"1.0377508943278841",1.0346693277679375,1.0352880649232907,"1.0359056056176779","1.0365219342843115","1.0371370355687382","1.0377508943278841","1.0383634956290833","1.0389748247491","1.0395848671731396"
0.42374999999999996,2,1,"1.0414826165336402",1.0000000000000007,0.3232065445451652,0.2724291316578562,-0.22646673463250525,0.10683695323747587,"1.0373125474432499",1.0342647949906916,1.0348766868008066,"1.035487422642851","1.036096987723873","1.0367053674535518","1.0373125474432499","1.037918513505059","1.038523251650819","1.0391267480911344"
0.42624999999999996,2,1,"1.0409837347822326",1.0000000000000004,0.31931871827291775,0.266872038152875,-0.20824653963135245,0.10683695323747587,"1.0368608381937066",1.0338483709092559,1.0344531290584342,"1.035056768805989","1.03565927611092","1.0362606371253762","1.0368608381937066","1.0374598658515195","1.0380577068247074","1.0386543480284849"
0.42874999999999996,2,1,"1.040469458864759",1.0000000000000004,0.3153481147753856,0.2610553426707683,-0.19094596630974725,0.10683695323747587,"1.0363958690446338",1.0334201405979462,1.0340174800790347,"1.034613735882184","1.0352088946976215","1.0358029433994294","1.0363958690446338","1.0369876588722535","1.0375783003023555","1.0381677809351022"
0.43124999999999997,2,1,"1.0399399150925746",1.0000000000000007,0.31129490740648996,0.2549826175198876,-0.1745435677201936,0.10683695323747587,"1.0359177391783734",1.0329801862568815,1.0335698252922558,"1.0341584126129664","1.034745935620833","1.0353323818924725","1.0359177391783734","1.0365019954019836","1.0370851386587654","1.0376671572152762"
0.43374999999999997,2,1,"1.0393952259447452",1.0000000000000007,0.3071592512667346,0.24865737732301763,-0.1590181894163744,0.10683695323747587,"1.0354265445572177",1.032528587265492,1.0331102472298719,"1.0336908847634683","1.034270487961178","1.0348490450838126","1.0354265445572177","1.0360029749713546","1.0365783250793996","1.037152583796825"
0.43624999999999997,2,1,"1.0388355101431208",1.0000000000000007,0.3029412833945488,0.24208308095258046,-0.14434895961810465,0.10683695323747587,"1.0349223779840777",1.0320654202340225,1.0326388255790255,"1.0332112351774925","1.0337826377999237","1.0343530223740713","1.0349223779840777","1.0354906938695752","1.036057959424816","1.036624164197768"
0.43875,2,1,"1.0382608827247313",1.0000000000000007,0.29864112294541706,0.23526313342428637,-0.13051527960523437,0.10683695323747587,"1.0344053291609274",1.0315907590530615,1.032155637233477,"1.0327195438304813","1.0332824682737543","1.0338444001417642","1.0344053291609274","1.034965245204742","1.0355241382929272","1.0360819985905627"
0.44125,2,1,"1.0376714551116137",1.0000000000000007,0.29425887135907663,0.22820088775127995,-0.11749681433115253,0.10683695323747587,"1.0338754847450775",1.0311046749412007,1.0316607563429083,"1.0322158878805192","1.0327700596274811","1.0333232617977728","1.0338754847450775","1.0344267189619567","1.0349769550790064","1.0355261838640253"
0.44375,2,1,"1.0370673351781103",1.0000000000000007,0.289794612515024,0.22089964676073992,-0.10527348324684792,0.10683695323747587,"1.033332928403352",1.0306072364908336,1.0311542543603214,"1.031700341717363","1.032245489264757","1.0327896878377756","1.033332928403352","1.033875202059289","1.0344165000334506","1.0349568136829506"
0.44625,2,1,"1.0364486273157725",1.0000000000000007,0.2852484128765684,0.21336266487486463,-0.09382545132681164,0.10683695323747587,"1.0327777408641994",1.0300985097121742,1.0306362000876086,"1.0311729770096019","1.031708831796855","1.0322437558926758","1.0327777408641994","1.033310778401617","1.033842860317408","1.0343739785455535"
0.44875,2,1,"1.0358154324958777",1.0000000000000007,0.2806203216236551,0.20559314985810487,-0.08313312028834807,0.10683695323747587,"1.03220999996786",1.0295785580755468,1.0301066597193562,"1.030633862749994","1.0311601590895672","1.031685540777115","1.03220999996786","1.0327335289324735","1.033256120056328","1.0337777658387624"
0.00125,0.5,1,"-0.0010641960698739442",1.0000000000000007,-14.535021700649395,16.23248522332406,206.12496724026943,0.13184669636740792,"-0.004914789005512918 - 0.0010225105729422613*I",-0.00034555777030531294,-1.469943769750668e-11,"4.035215615785986*^-7 + 3.8990874389951524*^-7*I","-0.00004936525525383968 + 0.00011733784843574991*I","-0.0012989957544021487 + 0.00011481148240819645*I","-0.004914789005512918 - 0.0010225105729422613*I","-0.012018929522168636 - 0.003919512876689031*I","-0.023771924237390826 - 0.009401798044270137*I","-0.04147905341673904 - 0.018903743400317488*I"
0.00375,0.5,1,"0.008002664921079356",1.0000000000000004,-9.503940588629746,-8.313327675186109,61.35647860924791,0.13184669636740792,"-0.012570107982522154",0.0038962216716707148,-0.002147455686040975,"-0.0068512830051015135","-0.010170346507411554","-0.01207732254344001","-0.012570107982522154","-0.011682946420664015","-0.009506337829210105","-0.006241071058831429"
0.00625,0.5,1,"0.06364419174076823",1.0000000000000007,-7.510203217418948,-12.47189808807253,19.60395601307993,0.13184669636740792,"0.0013651246492245872",0.055762693100060046,0.04286729228501291,"0.03088672590697452","0.01991201719425773","0.010038526775140935","0.0013651246492245872","-0.0060070524407537795","-0.011976378540647724","-0.016443196727745756"
0.008749999999999999,0.5,1,"0.12617347621617891",1.0000000000000007,-6.316233256799764,-13.501391902922565,0.903161233355842,0.13184669636740792,"0.04157556403484812",0.11655013329895521,0.10035835108050094,"0.08468706854437563","0.06961083277932488","0.05521089552559214","0.04157556403484812","0.028800494522829886","0.01698889910806688","0.00625163053287386"
0.01125,0.5,1,"0.18561800497021003",1.0000000000000007,-5.486044932979103,-13.58780841458038,-8.976640590477722,0.13184669636740792,"0.08993217631776235",0.17524682291746493,0.15756755822850824,"0.14013852876239571","0.12301464907673007","0.1062567618787525","0.08993217631776235","0.07411523542548629","0.0588879085357814","0.044340402745755535"
0.01375,0.5,1,"0.2399266271569899",1.0000000000000007,-4.860883259848437,-13.31893591810977,-14.631741166623089,0.13184669636740792,"0.13928095486331865",0.22931404498116445,0.21108619176478827,"0.19292735158755792","0.1748767077494719","0.156978185754797","0.13928095486331865","0.12183997648260075","0.10471660234684445","0.08797922535287116"
0.01625,0.5,1,"0.2890502586780645",1.0000000000000004,-4.365957605156012,-12.906178740937337,-17.990057351915663,0.13184669636740792,"0.18690008537727498",0.2784681405376906,0.2602031860877019,"0.2418846349035167","0.22353987205060877","0.20519996539041171","0.18690008537727498","0.1686799703008143","0.15058444156659243","0.13266397405357802"
0.018750000000000003,0.5,1,"0.3334580979829755",1.0000000000000007,-3.960402568346638,-12.438359990869353,-19.993998856693047,0.13184669636740792,"0.23181243554147368",0.3230570255696642,0.3050427590732052,"0.286891081234151","0.26862062858326435","0.2502528679380393","0.23181243554147368","0.21332751538391348","0.19483026122592714","0.17635726739182944"
0.02125,0.5,1,"0.37371304795913823",1.0000000000000004,-3.619594724914548,-11.956280794410489,-21.1535415542064,0.13184669636740792,"0.2737603070821203",0.3635769899939896,0.3459771854767287,"0.32818237418858415","0.3102046875889604","0.2920584216002825","0.2737603070821203","0.25532981268884863","0.23678948405764022","0.21816532379191672"
0.02375,0.5,1,"0.4103455413114987",1.0000000000000013,-3.327624162081747,-11.479554312467815,-21.76544522706564,0.13184669636740792,"0.3127888631150613",0.40052015817923703,0.3834266613670357,"0.36609867373060545","0.34854345940946385","0.3307699307586054","0.3127888631150613","0.29461313587817045","0.2762580031982572","0.2577413980138231"
0.026250000000000002,0.5,1,"0.44382075966672163",0.9999999999999993,-3.073656683387818,-11.017660658947838,-22.012050005116556,0.13184669636740792,"0.34906667010290104",0.4343289294048862,0.41779043320111775,"0.40099071898723104","0.38393338611521816","0.36662328152839374","0.34906667010290104","0.331271426230614","0.31324724934056647","0.2950059064247763"
0.02875,0.5,1,"0.4745362432028793",0.9999999999999997,-2.850005612352635,-10.574960907407867,-22.01020549360408,0.13184669636740792,"0.3828053511390636",0.46538698239598114,0.44942566340392187,"0.43318553312998187","0.4166674179699927","0.3998730798143253","0.3828053511390636","0.36546828721080465","0.34786733759467253","0.3300095394552603"
0.03125,0.5,1,"0.5028288440475662",1.0000000000000004,-2.6510346548182655,-10.153138560083892,-21.837325355485035,0.13184669636740792,"0.4142231286263645",0.4940226273938085,0.47864412493885466,"0.4629758454380277","0.4470165109668235","0.4307655348203704","0.4142231286263645","0.39739042324803797","0.3802696052493144","0.3628640709367691"
0.03375,0.5,1,"0.5289837222869689",1.0000000000000007,-2.4724975123315875,-9.75245343230735,-21.54608395995225,0.13184669636740792,"0.4435286462860583",0.5205157498490822,0.5057153318694736,"0.49061903012797914","0.4752239689584063","0.4595277718480728","0.4435286462860583","0.4272254797342627","0.4106179481549509","0.39370663872388456"
0.036250000000000004,0.5,1,"0.55324290704599",1.0000000000000007,-2.3111217602824463,-9.372411738018386,-21.17310450699176,0.13184669636740792,"0.47091441523085037",0.5451051581517697,0.5308716222684513,"0.516339685471352","0.5015052618484761","0.48636461302510037","0.47091441523085037","0.45515183534846737","0.4390746171051933","0.42268117872505506"
0.03875,0.5,1,"0.5758126997718024",1.0000000000000007,-2.1643364741649798,-9.012134548708515,-20.74429912793916,0.13184669636740792,"0.49655486793689063",0.5679952472146771,0.5543134348872135,"0.5403333689925182","0.5260500523133519","0.511458715110834","0.49655486793689063","0.48133436170615473","0.465793455968682","0.44992889645172784"
0.04125,0.5,1,"0.5968698323274703",1.0000000000000009,-2.030088123496459,-8.670564114601687,-20.278260735191353,0.13184669636740792,"0.5206065843482758",0.5893616938903729,0.5762141331305799,"0.5627704477457354","0.549024961548197","0.5349721305584682","0.5206065843482758","0.5059231732537612","0.49091702222331385","0.47558359216703977"
0.043750000000000004,0.5,1,"0.6165665056732367",1.0000000000000004,-1.9067126553709695,-8.346580251747932,-19.78847868569216,0.13184669636740792,"0.5432094839673363",0.609356199976432,0.5967241885153105,"0.583799653158371","0.5705764204545077","0.557048373488937","0.5432094839673363","0.5290538490457583","0.5145757335280946","0.4997696181358115"
0.04625,0.5,1,"0.635034487899858",1.000000000000001,-1.792844472927171,-8.03906561960793,-19.284821571889264,0.13184669636740792,"0.564488382746407",0.6281103979045933,0.615974720495902,"0.6035512074555918","0.5908333309188637","0.5778145594731265","0.564488382746407","0.5508483398287017","0.5368880520325453","0.5226012605663247"
0.04875,0.5,1,"0.6523884450023282",1.0000000000000004,-1.6873503008164308,-7.7469414342955245,-18.774550668511015,0.13184669636740792,"0.5845546183760946",0.6457390545620941,0.6340804574379348,"0.6221395085057128","0.6099094382497504","0.5973834259875577","0.5845546183760946","0.5714161510075886","0.5579611735074641","0.544182878601532"
0.051250000000000004,0.5,1,"0.6687286540255192",1.0000000000000007,-1.58928023936383,-7.4691858887659075,-18.263025495975114,0.13184669636740792,"0.6035076034631992",0.6623426996802512,0.6511422018351054,"0.6396654082058892","0.6279053969060275","0.6158551572793949","0.6035076034631992","0.5908555904333336","0.577891932868488","0.5646094272136661"
0.05375,0.5,1,"0.684143221460956",1.0000000000000016,-1.4978309413501398,-7.2048424185355895,-17.754203089345143,0.13184669636740792,"0.6214362462650632",0.6780097871632105,0.6672488809582775,"0.6562181353947796","0.6449105470346216","0.6333189941501164","0.6214362462650632","0.6092549756812922","0.5967677712647329","0.5839671548011085"
0.05625,0.5,1,"0.6987099054906999",1.0000000000000009,-1.4123174993824805,-6.953022035337655,-17.25099641393829,0.13184669636740792,"0.6384202195680002",0.6928184786981343,0.6824792548820695,"0.6718769158426438","0.6610044328031556","0.6498546357234176","0.6384202195680002","0.6266937521521969","0.6146676837888475","0.6023343589884691"
0.058750000000000004,0.5,1,"0.7124976203551014",1.0000000000000007,-1.3321516977542245,-6.712902256947104,-16.755534977844807,0.13184669636740792,"0.6545310786179491",0.7068381219142318,0.6969033428256212,"0.6867123375769902","0.6762580966421439","0.6655334515753908","0.6545310786179491","0.6432435035470467","0.6316631079490085","0.6197821371215785"
0.06125,0.5,1,"0.7255676847461725",1.0000000000000009,-1.256824985321789,-6.483724158553632,-16.269356500563397,0.13184669636740792,"0.6698332384688307",0.7201304810287517,0.7105836182480212,"0.7007875035637917","0.6907351819919134","0.6804195263033173","0.6698332384688307","0.6589688520709985","0.647818735829867","0.636375098409161"
0.06375,0.5,1,"0.7379748631715131",1.0000000000000002,-1.1858949985930216,-6.264788468166648,-15.793549315409894,0.13184669636740792,"0.6843848248723661",0.7327507662741707,0.7235760139613899,"0.7141590073350245","0.7044928737741232","0.6945705586204224","0.6843848248723661","0.6739282536191293","0.6631932453333085","0.6521720221567944"
0.06625,0.5,1,"0.7497682390688479",1.0000000000000007,-1.1189747881026242,-6.055451261607875,-15.328859131065023,0.13184669636740792,"0.6982384136594282",0.7447484990921591,0.735930770828774,"0.7268777612599354","0.7175827019233539","0.7080386354127653","0.6982384136594282","0.6881746967666597","0.6778399524927227","0.6672264564903081"
0.06875,0.5,1,"0.7609919505012297",1,-1.0557241268292292,-5.855119587282934,-14.875769719868591,0.13184669636740792,"0.711441672947181",0.756168242696531,0.7476931573007148,"0.7389897020439731","0.7300512295416187","0.7208708989164988","0.711441672947181","0.7017563156151992","0.6918073901274664","0.6815872575003609"
0.07125000000000001,0.5,1,"0.7716858130446327",1.0000000000000007,-0.9958424390895896,-5.663247211734207,-14.434564337569888,0.13184669636740792,"0.7240379212472619",0.76705022176886,0.7589040819253,"0.750536393729468","0.7419406438358748","0.7331101227846472","0.7240379212472619","0.7147169265447132","0.7051398194982961","0.6952990716815802"
0.07375,0.5,1,"0.7818858496058037",1.0000000000000002,-0.939063002926326,-5.479330590857605,-14.005372771142945,0.13184669636740792,"0.7360666130709999",0.7774308504342676,0.7696006168398006,"0.7615555448978866","0.7532892650454763","0.7447952105554219","0.7360666130709999","0.7270964983088667","0.7178776819774546","0.7084027659646236"
0.07625,0.5,1,"0.7916247430758038",1.0000000000000007,-0.8851481622964387,-5.302905118564662,-13.588207576283416,0.13184669636740792,"0.7475637621444592",0.7873431840090968,0.779816446932887,"0.7720814538357098","0.7641319860586824","0.7559616280095319","0.7475637621444592","0.7389315640332254","0.7300579975436161","0.7209358101868537"
0.07875,0.5,1,"0.8009322246992931",1.0000000000000007,-0.833885346641105,-5.133541672239739,-13.182992120892287,0.13184669636740792,"0.7585623109629588",0.796817307109034,0.7895822566970386,"0.7821453930223127","0.7745006533145042","0.7666417791400572","0.7585623109629588","0.7502555827191457","0.7417147164317687","0.732932616898775"
0.08125,0.5,1,"0.8098354086406969",1.000000000000001,-0.7850837409962529,-4.970843454926416,-12.789582374039945,0.13184669636740792,"0.7690924541744822",0.8058806683927057,0.7989260646409796,"0.7917759423354933","0.7844243978356568","0.7768653339479029","0.7690924541744822","0.7610992569193992","0.7528790296712725","0.7444248431862832"
0.08375,0.5,1,"0.8183590813176204",1.0000000000000002,-0.7385714840583048,-4.814443122955121,-12.407783890313492,0.13184669636740792,"0.7791819221947407",0.8145583703649124,0.8078735133967889,"0.8009992787676234","0.7939299237868085","0.7866595149956476","0.7791819221947407","0.7714908123828804","0.763579643621135","0.7554416588384253"
0.08625000000000001,0.5,1,"0.8265259525425314",1.0000000000000004,-0.6941932976130636,-4.664000181653638,-12.037365081916754,0.13184669636740792,"0.7888562305181237",0.8228734211768697,0.8164481222516865,"0.8098394291354283","0.8030417607507594","0.7960493485743924","0.7888562305181237","0.7814562446848263","0.7738430230080593","0.7660099847859764"
0.08875000000000001,0.5,1,"0.8343568742840162",1.0000000000000002,-0.6518084706373407,-4.519198628926425,-11.678067607464556,0.13184669636740792,"0.7981388993852423",0.8308469541612691,0.8246715076937319,"0.8183184911937629","0.8117824849207009","0.8050578854330432","0.7981388993852423","0.7910195371704746","0.7836936064139898","0.7761547053230421"
0.09125,0.5,1,"0.8418710318653709",1.0000000000000004,-0.6112891367492935,-4.379744825609177,-11.329614510716791,0.13184669636740792,"0.8070516477837156",0.8384984198680463,0.8325635766310372,"0.8264568276832659","0.8201729135831347","0.8137063952611429","0.8070516477837156","0.8002028539403864","0.7931539976555698","0.7858988572272078"
0.09375,0.5,1,"0.8490861116118857",1.0000000000000004,-0.5725187956419202,-4.24536557180863,-10.991716596000023,0.13184669636740792,"0.8156145651782487",0.8458457545758352,0.8401426961836422,"0.8342732371171293","0.8282322765828388","0.8220145384809316","0.8156145651782487","0.8090267110873949","0.8022451360503764","0.7952637985260046"
0.09625,0.5,1,"0.8560184483006681",1.0000000000000009,-0.5353910385097854,-4.11580636942341,-10.66407741659904,0.13184669636740792,"0.8238462638740912",0.8529055286077383,0.8474258433229666,"0.8417851045140263","0.8359783678935669","0.8300005183719411","0.8238462638740912","0.8175101289495309","0.8109864481718028","0.8042693593241439"
0.09875,0.5,1,"0.8626831552284504",1.0000000000000004,-0.4998084448807536,-3.990829852381869,-10.346397168542358,0.13184669636740792,"0.8317640145014132",0.8596930772496114,0.8544287371193597,"0.8490085347889901","0.8434276799453388","0.8376812161046434","0.8317640145014132","0.8256707677612062","0.8193959833518831","0.8129339768081575"
0.10125,0.5,1,"0.8690942392699174",1.0000000000000007,-0.46568162414761904,-3.870214367635142,-10.038375718159148,0.13184669636740792,"0.8393838667551928",0.8662226166320219,0.8611659559328687,"0.8559584711025684","0.850595522964308","0.8450723108842445","0.8393838667551928","0.8335250487580229","0.8274905348940527","0.8212748162816133"
0.10375000000000001,0.5,1,"0.8752647029334116",1.0000000000000007,-0.43292837979816706,-3.7537526914742774,-9.739714942556452,0.13184669636740792,"0.8467207572260705",0.8725073465754097,0.8676510415292206,"0.8626488001258288","0.8574961312506972","0.8521883870897382","0.8467207572260705","0.8410882625108901","0.8352857487006443","0.8293078798525096"
0.10625,0.5,1,"0.8812066351175954",1.0000000000000007,-0.4014729781269469,-3.6412508672332686,-9.450120524144198,0.13184669636740792,"0.8537886059036737",0.8785595420977461,0.873896591808881,"0.8690924458921543","0.8641427580428416","0.8590430300265817","0.8537886059036737","0.8483746660259694","0.8427962207977752","0.8370481041918298"
0.10875,0.5,1,"0.8869312920202126",1.0000000000000004,-0.3712455062727253,-3.5325271518478862,-9.169303310792923,0.13184669636740792,"0.8606004027180655",0.8843906350336508,0.8799143435912143,"0.8753014536665054","0.8705477603817905","0.8656489116860532","0.8606004027180655","0.8553975699423139","0.8500355850485534","0.844509448605428"
0.11125,0.5,1,"0.8924491694391782",1.0000000000000002,-0.34218130691542864,-3.4274110600449297,-8.896980330167201,0.13184669636740792,"0.867168285301122",0.89001128700447,0.8857152466894702,"0.8812870650606176","0.8767226751938375","0.8720178677131586","0.867168285301122","0.8621694169837029","0.8570165921801197","0.8517049745074563"
0.11375,0.5,1,"0.8977700675293526",1.0000000000000009,-0.31422047900085814,-3.325742496127433,-8.632875528701424,0.13184669636740792,"0.8735036089928379",0.8954314548030488,0.8913095303388493,"0.8870597854520684","0.882678287641457","0.878160966622779","0.8735036089928379","0.8687018526708497","0.8637511811072439","0.8586469172495301"
0.11625,0.5,1,"0.9029031489295285",1.0000000000000004,-0.28730743553277965,-3.227370964400442,-8.376720291464693,0.13184669636740792,"0.8796170099834726",0.9006604491087046,0.8967067628933142,"0.89262944462073","0.8884246926515141","0.8840885721654296","0.8796170099834726","0.8750057891710035","0.8702505434119228","0.8653467511433512"
0.11875000000000001,0.5,1,"0.9078569910484688",1.0000000000000004,-0.2613905108506214,-3.1321548502504934,-8.128253787914609,0.13184669636740792,"0.8855184623676101",0.9057069873228161,0.9019159055827638,"0.8980052513936313","0.8939713504091191","0.889810399626136","0.8855184623676101","0.8810914630509015","0.876525181731734","0.8718152484130405"
0.12125,0.5,1,"0.9126396331924265",1.0000000000000007,-0.23642161095377937,-3.0399607647596123,-7.887223179621601,0.13184669636740792,"0.8912173297876248",0.9105792412091808,0.9069453610167595,"0.903195842984877","0.8993271365026063","0.8953355667388989","0.8912173297876248","0.8869684876033008","0.8825849627174922","0.878062532725281"
0.12375,0.5,1,"0.9172586191260552",1.0000000000000002,-0.21235590138408242,-2.950662946507476,-7.653383718946221,0.13184669636740792,"0.8967224122592324",0.9152848799330552,0.9118030170311364,"0.9082093296282675","0.9045003873171888","0.9006726398126983","0.8967224122592324","0.8926459003347159","0.8884391651407232","0.8840981278684914"
0.12625,0.5,1,"0.9217210355815652",1.0000000000000004,-0.18915152797251542,-2.864142714903637,-7.426498761979619,0.13184669636740792,"0.902041988698711",0.9198311090157293,0.9164962863971788,"0.9130533350239912","0.9094989411993106","0.9058296755905058","0.902041988698711","0.8981322061305189","0.8940965236620804","0.8899310020852366"
0.12875,0.5,1,"0.9260335471650613",1.0000000000000009,-0.16676936642228796,-2.7802879700019427,-7.206339714520321,0.13184669636740792,"0.9071838556081986",0.9242247056556081,0.9210321428471884,"0.9177350330553731","0.9143301758488729","0.9108142592986811","0.9071838556081986","0.9034354165516898","0.899565268711463","0.8955696085036733"
0.13125,0.5,1,"0.930202428052457",1.0000000000000007,-0.14517279726136406,-2.698992734292236,-6.992685926210221,0.13184669636740792,"0.9121553623208409",0.9284720508102253,0.9254171538138516,"0.922261181175337","0.9190010423405478","0.915633539288646","0.9121553623208409","0.9085630856637549","0.9048531628780864","0.9010219220626904"
0.13375,0.5,1,"0.9342335908188472",1.0000000000000004,-0.12432750317097267,-2.620156732444347,-6.785324545021066,0.13184669636740792,"0.9169634431600672",0.9325791583849535,0.9296575102321152,"0.9266381508136885","0.9235180961270226","0.9202942586248387","0.9169634431600672","0.9135223427517505","0.9099675341628994","0.9062954732807391"
0.13625,0.5,1,"0.9381326127032958",1.0000000000000009,-0.10420128609823534,-2.5436850054060156,-6.584050341910905,0.13184669636740792,"0.9216146468261276",0.9365517018322866,0.9337590537102836,"0.9308719551143249","0.9278875253352555","0.924802783931307","0.9216146468261276","0.9183199222343321","0.9149153064057645","0.9113973791791792"
0.13875,0.5,1,"0.9419047595748742",1.0000000000000004,-0.0847639019024439,-2.4694875556346996,-6.388665513558779,0.13184669636740792,"0.9261151632870079",0.9403950384292269,0.9377273013406408,"0.9349682742750974","0.9321151766303478","0.9291651317731005","0.9261151632870079","0.9229621910546174","0.9197030271647882","0.9163343716366195"
0.14125000000000001,0.5,1,"0.9455550078344004",1.0000000000000007,-0.06598691057557274,-2.3974790205781438,-6.198979469533093,0.13184669636740792,"0.9304708484196108",0.9441142314689269,0.9415674683883879,"0.938932478731386","0.9362065788901327","0.9333869928171341","0.9304708484196108","0.9274551737942994","0.9243368932944818","0.9211128234205372"
0.14375000000000002,0.5,1,"0.9490880644591496",1.000000000000001,-0.04784354032683132,-2.3275783718167142,-6.014808608994317,0.13184669636740792,"0.9346872466195576",0.9477140705754086,0.9452844890701748,"0.9427696503969341","0.9401669649059808","0.9374737539896664","0.9346872466195576","0.9318045757303276","0.928822774442536","0.9257387721159124"
0.14625,0.5,1,"0.9525083853741247",1.0000000000000007,-0.03030856403470053,-2.259708637544704,-5.8359760910097345,0.13184669636740792,"0.9387696115740717",0.9511990903263713,0.9488830356096322,"0.9464846021514923","0.9440012913012191","0.9414305188234185","0.9387696115740717","0.9360158040295853","0.9331662346612593","0.9302179421472021"
0.14875,0.5,1,"0.9558201923127901",1.0000000000000004,-0.013358186753757157,-2.1937966463030163,-5.66231160172954,0.13184669636740792,"0.9427229253712147",0.954573587348374,0.95236753573636,"0.9500818957437257","0.9477142568375152","0.9452621261663099","0.9427229253712147","0.940093987255966","0.9373725523089316","0.934555765069323"
0.15125,0.5,1,"0.9590274883121344",1.0000000000000004,0.003030056877588406,-2.1297727900849606,-5.493651120999781,0.13184669636740792,"0.9465519161002814",0.9578416360305099,0.9557421887765541,"0.9535658582595135","0.9513103192610612","0.9489731674052237","0.9465519161002814","0.9440439933457953","0.9414467383978365","0.938757398285074"
0.15375,0.5,1,"0.9621340719711029",1.0000000000000007,0.01887739634548556,-2.067570805122491,-5.329836690435938,0.13184669636740792,"0.9502610740818028",0.9610071029867687,0.9590109804674072,"0.9569405972895454","0.9547937108241563","0.9525680023418827","0.9502610740818028","0.9478704461911799","0.9453935535295609","0.9428277423302355"
0.15625,0.5,1,"0.96514355058755",1.000000000000001,0.03420391098284411,-2.007127568827526,-5.170716184538703,0.13184669636740792,"0.953854666851178",0.9640736603833195,0.9621776966132697,"0.9602100149159232","0.9581684526034505","0.9560507738435814","0.953854666851178","0.9515777409564805","0.9492175235437043","0.9467714568533033"
0.15875,0.5,1,"0.9680593522766376",1.0000000000000002,0.049028608499958194,-1.9483829115094287,-5.016143086066091,0.13184669636740792,"0.9573367530072472",0.9670447982346576,0.9652459356891917,"0.9633778206249358","0.9614383677235202","0.9594254213788127","0.9573367530072472","0.9551700582403397","0.9529229539934102","0.9505929754040736"
0.16125,0.5,1,"0.9708847371628476",1.0000000000000004,0.0633694970278839,-1.8912794416238015,-4.8659762665846635,0.13184669636740792,"0.9607111950257894",0.9699238357616707,0.9682191204864635,"0.9664475432420973","0.9646070935832394","0.9626956935365577","0.9607111950257894","0.9586513771843491","0.9565139435497912","0.9542965191339954"
0.16375,0.5,1,"0.9736228077282708",1.0000000000000004,0.07724365130040664,-1.8357623834249024,-4.720079772881072,0.13184669636740792,"0.9639816711279735",0.9727139318951726,0.9711005088850686,"0.9694225419757678","0.9676780931725957","0.9658651596181181","0.9639816711279735","0.9620254876194385","0.9599943964272869","0.9578861095011562"
0.16625,0.5,1,"0.9762765183914406",1.0000000000000002,0.09066727353145834,-1.7817794260005142,-4.578322619722611,0.13184669636740792,"0.9671516862848517",0.9754180949999254,0.9738932038294528,"0.9723060166469811","0.9706546655587734","0.9689372203814846","0.9671516862848517","0.9652960013321096","0.9633680339129886","0.9613655800637867"
0.16875,0.5,1,"0.9788486843834528",1.0000000000000007,0.1036557494847111,-1.7292805827627546,-4.440578589297481,0.13184669636740792,"0.9702245824310952",0.9780391918866762,0.976600162576321,"0.9751010171754161","0.9735399556125957","0.9719151180104267","0.9702245824310952","0.968466362524666","0.9666384050750073","0.9647385874381622"
0.17125,0.5,1,"0.9813419899816551",1.000000000000001,0.11622370017879065,-1.6782180605539685,-4.30672603754192,0.13184669636740792,"0.9732035479541289",0.980579956173059,0.9792242052764613,"0.9778104523845946","0.9763369630394735","0.9748019453734492","0.9732035479541289","0.9715398575365319","0.9698088967178196","0.9680086214896306"
0.17375000000000002,0.5,1,"0.9837589961551164",1.0000000000000009,0.12838502962511775,-1.6285461376027421,-4.176647707456954,0.13184669636740792,"0.9760916265185071",0.9830429960483228,0.9817680229465705,"0.9804370981833013","0.9790485507728338","0.9776006546315754","0.9760916265185071","0.9745196238873662","0.9728827426461276","0.9711790148190833"
0.17625000000000002,0.5,1,"0.9861021476710106",1.0000000000000007,0.14015296895400278,-1.580221049634541,-4.050230549440428,0.13184669636740792,"0.978891725279777",0.9854308014914629,0.9842341848816818,"0.9829836051747727","0.9816774527824992","0.9803140652483107","0.978891725279777","0.9774086586970363","0.9758630322930818","0.9742529516014358"
0.17875,0.5,1,"0.988373779706285",1.0000000000000002,0.15154011724840538,-1.5332008835027298,-3.9273655485931913,0.13184669636740792,"0.9816066225370061",0.9877457509877424,0.9866251455540277,"0.9854525057403608","0.9842262813456052","0.9829448714501922","0.9816066225370061","0.9802098265324353","0.9787527187635927","0.9772334758275472"
0.18125,0.5,1,"0.9905761240048565",1.000000000000001,0.16255847937235343,-1.487445477762453,-3.8079475589113922,0.13184669636740792,"0.9842389748686842",0.9899901177842908,0.9889432510398486,"0.9878462206400133","0.986697533823158","0.9854956491818294","0.9842389748686842","0.9829258667265444","0.9815546263388244","0.9801234989963592"
0.18375,0.5,1,"0.9927113146168093",1.0000000000000009,0.17321950105264505,-1.4429163296591987,-3.691875144235006,0.13184669636740792,"0.9867913237926096",0.9921660757217085,0.9911907450118944,"0.990167065168041","0.9890935989814654","0.9879688625953905","0.9867913237926096","0.9855594002110785","0.9842714574838869","0.9829258072998863"
0.18625,0.5,1,"0.9947813932527653",1.0000000000000009,0.1835341014468606,-1.399576508050249,-3.57905042579612,0.13184669636740792,"0.9892661019867894",0.9942757046752654,0.9933697743318555,"0.9924172548991417","0.9914167628941086","0.9903668701108602","0.9892661019867894","0.9881129359003398","0.9869057993969897","0.9856430683399277"
0.18875,0.5,1,"0.9967883142835584",1.0000000000000007,0.19351270340831847,-1.3573905718177952,-3.4693789361864575,0.13184669636740792,"0.9916656391050382",0.996320995636218,0.9954823942739243,"0.9945989110565026","0.9936692144568915","0.9926919300801524","0.9916656391050382","0.9905888766606391","0.9894601301349472","0.9882778374119787"
0.19125,0.5,1,"0.9987339494126752",1.0000000000000004,0.2031652616382879,-1.3163244933698854,-3.3627694795490513,0.13184669636740792,"0.9939921672180914",0.9983038554610362,0.9975305734079007,"0.9967140655310122","0.9958530505454093","0.9949462060853176","0.9939921672180914","0.9929895248965906","0.991936824346971","0.9908325633887857"
0.19375,0.5,1,"1.0006200920464823",1.0000000000000007,0.2125012888979323,-1.2763455868592135,-3.2591339977874303,0.13184669636740792,"0.9962478259083074",1.000226111313909,0.9995161981677444,"0.9987646655780367","0.9979702808422488","0.9971317718983679","0.9962478259083074","0.9953170877829323","0.9943381586458754","0.9933095942332054"
0.19625,0.5,1,"1.0024484613850635",1.0000000000000004,0.22152988043628657,-1.237422440780154,-3.158387442579126,0.13184669636740792,"0.9984346670436798",1.0020895148256646,1.0014410771292517,"1.000752578215953","1.000022832358508","0.9992506161279571","0.9984346670436798","0.9975736821680977","0.9966663166434092","0.9957111821675421"
0.19875,0.5,1,"1.0042207062545934",1.0000000000000009,0.23025973677624192,-1.1995248546323674,-3.0604476529769267,0.13184669636740792,"1.000554659254701",1.0038957459902538,1.0033069450184682,"1.002679594348536","1.0020125536722344","1.0013046465759652","1.000554659254701","0.9997613391735033","0.9989233936741602","0.9980394885242602"
0.20125,0.5,1,"1.0059384087002412",1.0000000000000007,0.23869918498757434,-1.162623779364351,-2.965235238379573,0.13184669636740792,"1.002609692135626",1.0056464168181418,1.0051154664706468,"1.004547432631454","1.0039412189044565","1.0032956943251081","1.002609692135626","1.0018820085105697","1.0011114012304607","1.0002965883009416"
0.20375000000000001,0.5,1,"1.0076030873571844",1.0000000000000004,0.24685619856443808,-1.1266912613335993,-2.872673466655763,0.13184669636740792,"1.00460158018993",1.0073430747643475,1.0068682395578847,"1.0063577431014052","1.0058105314517782","1.0052255175769573","1.00460158018993","1.003937562535659","1.0032322711288932","1.0024844744404509"
0.20625000000000002,0.5,1,"1.0092162006156653",1.0000000000000004,0.25473841601439157,-1.0917003895404742,-2.7826881572066506,0.13184669636740792,"1.0065320665381154",1.0089872059473253,1.0085667991020464,"1.0081121105849289","1.00762212749292","1.0070958052581451","1.0065320665381154","1.0059298000614803","1.0052878594272963","1.0046050618556246"
0.20875000000000002,0.5,1,"1.010779149594855",1.0000000000000002,0.2623531582565646,-1.0576252459124602,-2.6952075787576293,0.13184669636740792,"1.0084028264045617",1.0105802381736542,1.0102126197882675,"1.009812057902469","1.0093775792851916","1.0089081804110744","1.0084028264045617","1.0078604499419845","1.0072799501096985","1.0066601912162148"
0.21125,0.5,1,"1.012293280938982",1.000000000000001,0.26970744491818216,-1.0244408584322713,-2.610162351673129,0.13184669636740792,"1.0102154703987696",1.0121235437821883,1.0118071190930202,"1.0114590488820998","1.011078398265596","1.0106642033841855","1.0102154703987696","1.0097311744464808","1.0092102585551717","1.0086516325144552"
0.21375,0.5,1,"1.0137598894481474",1.0000000000000007,0.27680800961093893,-0.9921231569198472,-2.5274853545959615,0.13184669636740792,"1.0119715476051407",1.0136184423202523,1.013351660039694,"1.0130544911960802","1.012726037970044","1.0123653748355705","1.0119715476051407","1.0115435724373603","1.0110804348053777","1.0105810884242932"
0.21625,0.5,1,"1.0151802205552776",1.0000000000000007,0.28366131426191427,-0.9606489312920807,-2.447111635217031,0.13184669636740792,"1.0136725484943345",1.0150662030635127,1.014847553793491,"1.0145997390324053","1.014321896783182","1.0140131385627171","1.0136725484943345","1.0132991823648123","1.0128920666444161","1.0124501974682043"
0.21875,0.5,1,"1.0165554726596724",1.0000000000000009,0.2902735625673952,-0.929995792137814,-2.368978324988813,0.13184669636740792,"1.0153199076681811",1.0164680473901373,1.0162960621066466,"1.0160960956125766","1.0158673205302609","1.01560888417008","1.0153199076681811","1.0149994850907795","1.0146466825035323","1.0142605370044275"
0.22125,0.5,1,"1.0178867993268903",1.0000000000000004,0.2966507126323129,-0.9001421334578096,-2.2930245576026973,0.13184669636740792,"1.0169150064492982",1.0178251510191239,1.0176983996240236,"1.0175448155658966","1.0173636049216472","1.0171539495853512","1.0169150064492982","1.016645906553501","1.0163457542022836","1.0160136260464512"
0.22375,0.5,1,"1.0191753113639228",1.0000000000000009,0.3027984888529583,-0.8710670974301776,-2.219191391056744,0.13184669636740792,"1.0184591753256043",1.0191386461218785,1.0190557360583763,"1.0189471071698781","1.0188119978597856","1.0186496234344444","1.0184591753256043","1.0182398202831688","1.017990699536909","1.0177109279257566"
0.22625,0.5,1,"1.0204220787778757",1.0000000000000002,0.3087223930958442,-0.8427505410723343,-2.147421733147661,0.13184669636740792,"1.0199536962592608",1.0204096233153832,1.0203691982439387,"1.0203041344655261","1.0202137016175923","1.0200971472844267","1.0199536962592608","1.0197825497783446","1.019582884725797","1.0193538528079196"
0.22875,0.5,1,"1.0216281326258403",1.0000000000000007,0.3144277152214225,-0.8151730046797938,-2.0776602702277867,0.13184669636740792,"1.0213998048687742",1.021639133544783,1.0216398720762248,"1.0216170192557072","1.0215698748966853","1.0214977177629814","1.0213998048687742","1.02127537075217","1.0211236267212744","1.0209437600715214"
0.23125,0.5,1,"1.0227944667629925",1.0000000000000009,0.31991954299754577,-0.7883156819305324,-2.0098533990742644,0.13184669636740792,"1.0227986924923942",1.0228281898624763,1.022868804345462,"1.0228868429941076","1.0228816347731633","1.0228524885623247","1.0227986924923942","1.0227195132566338","1.0226141953961931","1.0224819605585407"
0.23375,0.5,1,"1.0239220394954558",1.0000000000000004,0.3252027714439087,-0.7621603915520135,-1.9439491617249889,0.13184669636740792,"1.0241515081403478",1.0239777691104233,1.024057004470409,"1.024114648571783","1.0241500585381225","1.0241625723349195","1.0241515081403478","1.024116163692663","1.024055815613266","1.0239697187043362"
0.23625000000000002,0.5,1,"1.0250117751440146",1.0000000000000007,0.33028211164567595,-0.736689550454661,-1.8798971831416278,0.13184669636740792,"1.0254593603428728",1.0250888135117762,1.0252054461389308,"1.025301442007806","1.0253761854395234","1.0254290424878176","1.0254593603428728","1.0254664667131603","1.0254496691844137","1.025408254554704"
0.23875000000000002,0.5,1,"1.0260645655242697",1.0000000000000007,0.33516209907143424,-0.7118861482428475,-1.8176486115669837,0.13184669636740792,"1.0267233189005585",1.026162232177553,1.0263150688611455,"1.026448194049982","1.0265610183316092","1.0266529348819218","1.0267233189005585","1.0267715270256355","1.0267968967269847","1.0267987456769945"
0.24125,0.5,1,"1.0270812713484399",1.0000000000000007,0.33984710142800634,-0.6877337230202325,-1.7571560614500221,0.13184669636740792,"1.0279444165429965",1.027198902533662,1.027386779440606,"1.0275558416912258","1.0277055252375835","1.0278352494420833","1.0279444165429965","1.028032411100603","1.0280985994231444","1.0281423289717515"
0.24375,0.5,1,"1.0280627235536968",1.0000000000000004,0.34434132608219886,-0.6642163384122175,-1.6983735588176112,0.13184669636740792,"1.029123650501336",1.0281996716731658,1.0284214533685458,"1.0286252896068142","1.02881064083088","1.0289769516834568","1.029123650501336","1.0292501487915064","1.029355840688317","1.0294401023909294"
0.24625,0.5,1,"1.0290097245614727",1.0000000000000007,0.34864882707732175,-0.6413185617334304,-1.6412564889780157,0.13184669636740792,"1.0302619839999758",1.0291653576383741,1.0294199361459064,"1.029657411517279","1.0298772678399428","1.030078974159204","1.0302619839999758","1.0304257348714798","1.030569647754177","1.0306931265682477"
0.24875,0.5,1,"1.0299230494719787",1.0000000000000007,0.35277351177027055,-0.6190254432330562,-1.5857615464464938,0.13184669636740792,"1.0313603476722268",1.0300967506370253,1.0303830445374782,"1.030653051481485","1.0309062783811658","1.0311422178342884","1.0313603476722268","1.0315601304919302","1.0317410131712537","1.031902426366985"
0.25125,0.5,1,"1.0308034471977754",1.0000000000000004,0.3567191471130647,-0.5973224963553312,-1.5318466869888738,0.13184669636740792,"1.0324196409044368",1.0309946141964745,1.031311567762267,"1.0316130251240139","1.031898515224234","1.0321675533897086","1.0324196409044368","1.0326542645675905","1.03287089623593","1.0330689923499905"
0.25375,0.5,1,"1.0316516415400696",1.0000000000000007,0.3604893656010076,-0.5761956789566359,-1.479471081683763,0.13184669636740792,"1.0334407331128448",1.03185968625961,1.0322062686238256,"1.0325381208007718","1.0328547929938887","1.0331558224613517","1.0334407331128448","1.033709035092336","1.0339602243462527","1.034193782176545"
0.25625,0.5,1,"1.0324683322110717",1.0000000000000007,0.364087670908086,-0.5556313754244953,-1.428595072909118,0.13184669636740792,"1.034424464957029",1.0326926802259297,1.0330678845840997,"1.0334291007064529","1.033775899311842","1.0341078388171974","1.034424464957029","1.0347253103897969","1.0350098942906913","1.0352777219302538"
0.25875,0.5,1,"1.0332541958056087",1.0000000000000009,0.3675174432287133,-0.535616379647369,-1.3791801321634898,0.13184669636740792,"1.0353716494936474",1.0334942859409297,1.0338971287840995,"1.0342867019272206","1.0346625958822853","1.0350243894765427","1.0353716494936474","1.035703930302554","1.0360207734736928","1.0363217073819457"
0.26125,0.5,1,"1.0340098867248826",1.0000000000000004,0.3707819443436121,-0.5161378787873229,-1.331188819636408,0.13184669636740792,"1.0362830732738957",1.0342651706368673,1.034694691014407,"1.0351116374417708","1.0355156195242778","1.035906235774475","1.0362830732738957","1.0366457073234066","1.0369937010816703","1.0373266051912975"
0.26375,0.5,1,"1.0347360380551704",1.0000000000000004,0.37388432242638103,-0.4971834378109298,-1.2845847454471044,0.13184669636740792,"1.0371594973878522",1.0350059798276325,1.035461238638474,"1.035904597073733","1.0363356831540138","1.0367541143747978","1.0371594973878522","1.0375514276719913","1.0379294891927544","1.0382932540506156"
0.26625,0.5,1,"1.0354332624039793",1.0000000000000004,0.3768276166061602,-0.47874098473631427,-1.2393325324741504,0.13184669636740792,"1.0380016584587326",1.0357173381603515,1.0361974174713138,"1.0366662483981626","1.037123476719809","1.0375687382342587","1.0380016584587326","1.038421852319847","1.0388289238334942","1.0392224657740243"
0.26875,0.5,1,"1.0361021526960998",1.0000000000000004,0.37961476130073957,-0.4607987965572021,-1.1953977807029716,0.13184669636740792,"1.038810269589831",1.0363998502261744,1.0369038526161387,"1.037397237604687","1.0378796680924642","1.03835079752084","1.038810269589831","1.0392577179667817","1.0396927659854398","1.0401150263350951"
0.27125,0.5,1,"1.0367432829317653",1.0000000000000007,0.38224859033350483,-0.4433454858069666,-1.1527470330212806,0.13184669636740792,"1.0395860212667725",1.037054101332487,1.0375811492612697,"1.038098190319749","1.0386049039134861","1.0391009604886285","1.0395860212667725","1.040059737971232","1.040521752544375","1.0409716968557465"
0.27375,0.5,1,"1.0373572089090433",1.0000000000000004,0.3847318408467112,-0.42636998772823564,-1.1113477423965112,0.13184669636740792,"1.0403295822175307",1.0376806582387403,1.0382298934395207,"1.0387697123901636","1.039299810403463","1.0398198743116824","1.0403295822175307","1.040828603237146","1.0413165972348073","1.0417932145490723"
0.27625,0.5,1,"1.0379444689123967",1.0000000000000007,0.3870671570227215,-0.40986154801555136,-1.0711682403719518,0.13184669636740792,"1.0410416002325056",1.0382800698578312,1.038850652752117,"1.0394123906301478","1.0399649941328089","1.0405081658791142","1.0410416002325056","1.0415649830597384","1.0420779914820861","1.042580293618601"
0.27875,0.5,1,"1.0385055843692712",1.0000000000000007,0.3892570936241156,-0.39380971110061064,-1.0321777068220357,0.13184669636740792,"1.0417227029468275",1.0388528679249633,1.0394439770590613,"1.0400267935337706","1.0406010427568784","1.0411664425534788","1.0417227029468275","1.0422695259323507","1.0428066052445066","1.043333626116314"
0.28125,0.5,1,"1.0390410604764473",1.000000000000001,0.3913041193628505,-0.3782043089514737,-0.9943461409096567,0.13184669636740792,"1.0423734985868909",1.0393995676356944,1.04001039913776,"1.0406134719546958","1.0412085257173946","1.0417952928944554","1.0423734985868909","1.0429428603164719","1.0435030878074698","1.0440538827616244"
0.28375,0.5,1,"1.039551386797753",1.0000000000000007,0.39321062010796576,-0.3630354503588036,-0.9576443331915164,0.13184669636740792,"1.0429945766830393",1.039920668254868,1.0405504353116304,"1.041172959754974","1.041787994911956","1.0423952873496567","1.0429945766830393","1.0435855953768964","1.044168068541735","1.0447417137233832"
0.28625,0.5,1,"1.0400370378346762",1.0000000000000009,0.39497890194077045,-0.3482935106838051,-0.9220438388200621,0.13184669636740792,"1.0435865087501637",1.0404166536979318,1.041064586050228,"1.0417057744244966","1.0423399853333442","1.0429669789143077","1.0435865087501637","1.044198321683831","1.044802157627641","1.0453977493668267"
0.28875,0.5,1,"1.040498473571283",1.0000000000000007,0.3966111940658342,-0.3339691220440594,-0.88751695179304,0.13184669636740792,"1.044149848937903",1.0408879930861168,1.0415533365424448,"1.0422124176726746","1.042865015680181","1.0435109037613846","1.044149848937903","1.0447816118836988","1.0454059467470758","1.0460226009673306"
0.29124999999999995,0.5,1,"1.0409361399948158",1.0000000000000007,0.398109651585585,-0.3200531639148047,-0.8540366802042404,0.13184669636740792,"1.0446851346520205",1.0413351412768366,1.0420171572441428,"1.0426933759937729","1.043363588940436","1.0440275818438294","1.0446851346520205","1.045336021340225","1.0459800097448515","1.0466168613926183"
0.29374999999999996,0.5,1,"1.0413504695931957",1.0000000000000007,0.39947635814588517,-0.30653675412447506,-0.8215767224510235,0.13184669636740792,"1.0451928871484284",1.0417585393706084,1.0424565044015661,"1.0431491212072743","1.0438361929492037","1.04451751747018","1.0451928871484284","1.0458620887473646","1.0465249032610469","1.047181105755121"
0.29624999999999996,0.5,1,"1.0417418818306488",1.0000000000000007,0.40071332845938346,-0.2934112402246436,-0.7901114443567391,0.13184669636740792,"1.045673612101267",1.0421586151956472,1.042871820551767,"1.0435801109745337","1.0442833009220203","1.04498119985504","1.045673612101267","1.046360336715482","1.0470411673358202","1.0477158920359082"
0.29874999999999996,0.5,1,"1.0421107836025398",1.0000000000000004,0.40182251071314745,-0.28066819121552844,-0.7596158571677907,0.13184669636740792,"1.0461278001463485",1.042535783771347,1.0432635350012038,"1.0439867892929304","1.044705371965019","1.0454191036456466","1.0461278001463485","1.0468312723321516","1.0475293259880436","1.0482217616817056"
0.30124999999999996,0.5,1,"1.0424575696704914",1.0000000000000004,0.4028057888666084,-0.2682993896093465,-0.7300655963873746,0.13184669636740792,"1.0465559274011889",1.0428904477516467,1.0436320642836472,"1.0443695869686822","1.0451028515630387","1.0458316894257218","1.0465559274011889","1.0472753876988254","1.0479898877690998","1.0486992401762931"
0.30374999999999996,0.5,1,"1.0427826230787658",1.0000000000000004,0.403664984845491,-0.2562968238147972,-0.7014369014095609,0.13184669636740792,"1.046958455962815",1.0432229978493277,1.0439778125983745,"1.044728922069341","1.0454761720468133","1.0462194041977615","1.046958455962815","1.0476931604446065","1.0484233462930537","1.049148837587567"
0.30624999999999997,0.5,1,"1.0430863155528327",1.0000000000000007,0.4044018606370894,-0.24465268082683844,-0.6737065959191834,0.13184669636740792,"1.047335834384433",1.0435338132421872,1.0443011722296967,"1.0450652003570138","1.0458257530402835","1.046582681844811","1.047335834384433","1.0480850542182132","1.048830180744384","1.0495710490914816"
0.30874999999999997,0.5,1,"1.043369007881023",1.0000000000000007,0.4050181202919016,-0.23335933920682644,-0.6468520690246751,0.13184669636740792,"1.0476884981319885",1.0438232619619758,1.0446025239486803,"1.0453788157032413","1.0461520018889814","1.0469219435727573","1.0476884981319885","1.0484515191592414","1.0492108563643474","1.0499663554739629"
0.31124999999999997,0.5,1,"1.0436310502800863",1.0000000000000007,0.4055154118363559,-0.22240936233896808,-0.620851257092601,0.13184669636740792,"1.0480168700216115",1.044091701266917,1.0448822373979658,"1.045670150486438","1.0464553140704367","1.0472375983340547","1.0480168700216115","1.0487929923497055","1.0495658249170305","1.050335223611896"
0.31375,0.5,1,"1.0438727827454222",1.0000000000000009,0.40589532910106235,-0.21179549194964375,-0.5956826262540071,0.13184669636740792,"1.0483213606388657",1.0443394779986797,1.0451406714605114,"1.0459395759727284","1.0467360735874662","1.047530043233813","1.0483213606388657","1.0491098982468237","1.049895525136064","1.050678106934172"
0.31625,0.5,1,"1.0440945353867541",1.0000000000000007,0.40615941346880313,-0.2015106418770336,-0.571325155554247,0.13184669636740792,"1.0486023687406631",1.0445669289244641,1.0453781746129918,"1.0461874526809936","1.0469946533451688","1.0477996639190805","1.0486023687406631","1.049402649097933","1.0502003831529196","1.0509954458637656"
0.31875,0.5,1,"1.044296628749909",1.0000000000000009,0.4063091555461714,-0.19154789207908837,-0.5477583207192049,0.13184669636740792,"1.0488602816406738",1.0447743810649697,1.0455950852646418,"1.0464141307328678","1.0472314155123892","1.0480468349521146","1.0488602816406738","1.0496716453383905","1.0504808129076668","1.0512876682417147"
0.32125,0.5,1,"1.044479374125393",1.0000000000000004,0.40634599676262484,-0.18190048286848093,-0.5249620785121416,0.13184669636740792,"1.0490954755790225",1.0449621520089067,1.0457917320821937,"1.0466199501883988","1.0474467118684225","1.0482719201684132","1.0490954755790225","1.049917275973276","1.0507372165430076","1.0515551897338786"
0.32375,0.5,1,"1.0446430738443528",1.000000000000001,0.4062713309003967,-0.1725618093638913,-0.502916851656659,0.13184669636740792,"1.0493083160769945",1.0451305502146697,1.0459684343015754,"1.046805241368057","1.0476408841356049","1.048475273020212","1.0493083160769945","1.0501399189436116","1.050969984782397","1.0517984142212613"
0.32625,0.5,1,"1.0447880215625514",1.0000000000000004,0.4060865055586335,-0.163525416147381,-0.4816035143022748,0.13184669636740792,"1.049499158277442",1.0452798752997763,1.0461255020269944,"1.046970325161721","1.047814264298485","1.0486572369061173","1.049499158277442","1.0503399414778738","1.0511794972929387","1.0520177341746808"
0.32875,0.5,1,"1.0449145025328785",1.0000000000000004,0.4057928235548405,-0.1547849921182558,-0.46100337801035407,0.13184669636740792,"1.0496683472715693",1.0454104183186568,1.0462632365179778,"1.047115513325241","1.0479671749101742","1.0488181454875438","1.0496683472715693","1.0505177004294306","1.051366123033808","1.0522135310144782"
0.33125,0.5,1,"1.0450227938669405",1.0000000000000007,0.40539154426658863,-0.14633436553427853,-0.4410981782391055,0.13184669636740792,"1.0498162184127102",1.0455224620293107,1.0463819304649415,"1.0472411087651534","1.0480999293864828","1.048958322992508","1.0498162184127102","1.0506735426005744","1.0515302205908426","1.0523861754559773"
0.33375,0.5,1,"1.0451131647862317",1.0000000000000004,0.40488388491627736,-0.1381674992315193,-0.4218700613072948,0.13184669636740792,"1.04994309761769",1.0456162811493475,1.046481868253787,"1.047347405812093","1.0482128322883812","1.0490780845074221","1.04994309761769","1.0508078050537426","1.0516721384979102","1.0525360278413152"
0.33625,0.5,1,"1.0451858768633577",1.0000000000000007,0.4042710218015601,-0.13027848601464678,-0.40330157181736265,0.13184669636740792,"1.0500493016563246",1.045692142601881,1.0465633262200478,"1.047434690483402","1.0483061795933186","1.0491777362573724","1.0500493016563246","1.0509208154105136","1.0517922155456894","1.052663438458281"
0.33875,0.5,1,"1.045241184253734",1.0000000000000009,0.40355409147393545,-0.12266154420978392,-0.38537564051948203,0.13184669636740792,"1.0501351384296134",1.0457503057517668,1.0466265728930355,"1.0475032407354397","1.0483802589559135","1.049257575875429","1.0501351384296134","1.0510128921389326","1.0518907810783782","1.0527687478467183"
0.34125,0.5,1,"1.0452793339182425",1.0000000000000007,0.40273419186783704,-0.11531101337250609,-0.3680755725988363,0.13184669636740792,"1.0502009072370901",1.04579102263256,1.046671869230447,"1.0475533267060104","1.0484353499584669","1.049317892661453","1.0502009072370901","1.0510843448296585","1.0519681552789188","1.0528522870930725"
0.34375,0.5,1,"1.0453005658371735",1.0000000000000009,0.4018123833824547,-0.10822135014392852,-0.3513850363694179,0.13184669636740792,"1.0502468990338478",1.0458145381646669,1.0466994688438394,"1.0475852109474206","1.048471724351766","1.0493589678309139","1.0502468990338478","1.0511354744614514","1.0520246494431995","1.0529143781135721"
0.34625,0.5,1,"1.0453051132159068",1.0000000000000004,0.40078968991837943,-0.1013871242481095,-0.3352880523581859,0.13184669636740792,"1.0502733966776698",1.0458210903650196,1.0467096182153977,"1.0475991486504925","1.0484896462865887","1.0493810747540708","1.0502733966776698","1.051166573656467","1.0520605662437348","1.0529553339265656"
0.34875,0.5,1,"1.0452932026826238",1,0.39966709987105625,-0.09480301462438978,-0.3197689827643154,0.13184669636740792,"1.0502806751666969",1.04581091054869,1.0467025569063355,"1.0475953878599855","1.0484893725363333","1.0493844791860343","1.0502806751666969","1.051177926925773","1.0520761999832873","1.0529754589144753"
0.35125,0.5,1,"1.045265054478477",1.0000000000000007,0.39844556708294543,-0.08846380568857393,-0.30481252127885444,0.13184669636740792,"1.050269001868046",1.0457842235227506,1.046678517757344,"1.0475741696817882","1.0484711527111492","1.0493694394880113","1.050269001868046","1.051169810905542","1.0520718368388553","1.0529750490758134"
0.35374999999999995,0.5,1,"1.045220882640446",1.0000000000000007,0.39712601175614887,-0.08236438371711433,-0.2904036832508449,0.13184669636740792,"1.0502386367377712",1.0457412477727652,1.046637727081381,"1.0475357284822029","1.0484352294639072","1.0493362068401948","1.0502386367377712","1.0511424945843109","1.0520477550964344","1.052954392267688"
0.35624999999999996,0.5,1,"1.0451608951772866",1.0000000000000007,0.3957093213272124,-0.07649973334879198,-0.276527796186527,0.13184669636740792,"1.0501898325325152",1.045682195642173,1.0465804048491512,"1.0474802920797026","1.048381838688405","1.049285025446583","1.0501898325325152","1.0510962395216576","1.0520042253769553","1.0529137684392083"
0.35874999999999996,0.5,1,"1.0450852942387865",1.0000000000000004,0.39419635130568276,-0.0708649341986024,-0.26317049056887754,0.13184669636740792,"1.0501228350132386",1.0456072735048887,1.0465067648675925,"1.047408081929449","1.048311209710104","1.0492161327321197","1.0501228350132386","1.0510313000587164","1.0519415108537693","1.052853449856151"
0.36124999999999996,0.5,1,"1.044994276278663",1.0000000000000004,0.3925879260779531,-0.06545515757879682,-0.2503176909853139,0.13184669636740792,"1.050037883141312",1.0455166819314279,1.0464170149516407,"1.0473193133008905","1.0482235654697136","1.0491297595324358","1.050037883141312","1.0509479235208068","1.0518598674620232","1.052773701317295"
0.36374999999999996,0.5,1,"1.044888032211335",1.0000000000000004,0.3908848396778247,-0.060265663322287444,-0.23795560755187603,0.13184669636740792,"1.0499352092673333",1.0454106158487773,1.0463113570895797,"1.0472141954487082","1.0481191226999251","1.049026130276546","1.0499352092673333","1.0508463504125631","1.0517595441002705","1.0526747803627097"
0.36624999999999996,0.5,1,"1.0447667475628573",1.0000000000000004,0.38908785652513883,-0.055291796703830574,-0.2260707276228227,0.13184669636740792,"1.0498150393129437",1.0452892646943088,1.0461899876021998,"1.047092931777425","1.0479980920955887","1.0489054631627568","1.0498150393129437","1.0507268146058244","1.051640782824647","1.0525569374744022"
0.36874999999999997,0.5,1,"1.044630602616194",1.0000000000000009,0.3871977121337909,-0.05052898545457884,-0.21464980777493148,0.13184669636740792,"1.0496775929459248",1.0451528125639646,1.04605309729609,"1.0469557199998853","1.0478606784775713","1.0487679703280577","1.0496775929459248","1.0505895435206187","1.051503819035897","1.0524204162695643"
0.37124999999999997,0.5,1,"1.0444797725511485",1.0000000000000007,0.3852151137903307,-0.045972736865827604,-0.20367986605639518,0.13184669636740792,"1.0495230837488898",1.0450014383549544,1.0459008716112081,"1.0468027522899002","1.0477070809505926","1.0486138580113142","1.0495230837488898","1.0504347582994995","1.0513488816595415","1.052265453686771"
0.37374999999999997,0.5,1,"1.0443144275790852",1.0000000000000007,0.38314074120432884,-0.0416186349779488,-0.19314817449057323,0.13184669636740792,"1.0493517193817565",1.04483531590317,1.0457334907630425,"1.0466342154292654","1.0475374930552583","1.0484433267104407","1.0493517193817565","1.0502626739755165","1.051176193319495","1.0520922801653887"
0.37625,0.5,1,"1.0441347330727042",1.0000000000000009,0.38097524713159875,-0.03746233785066199,-0.18304225182530778,0.13184669636740792,"1.0491637017383444",1.044654614115559,1.0455511298795466,"1.04645029094938","1.047352102914515","1.0482565713338408","1.0491637017383444","1.0500734996340635","1.0509859705053475","1.0519011198184791"
0.37875,0.5,1,"1.0439408496910383",1.0000000000000007,0.37871925797132455,-0.03349957491097678,-0.17334985651892698,0.13184669636740792,"1.0489592270972314",1.044459497097618,1.0453539591330454,"1.0462511552677152","1.0471510933747719","1.0480537813463453","1.0489592270972314","1.0498674385688567","1.0507784237335966","1.0516921905994372"
0.38125,0.5,1,"1.04373293349987",1.0000000000000007,0.37637337433810053,-0.02972614437528655,-0.16405897995444602,0.13184669636740792,"1.0487384862671636",1.0442501242762396,1.0451421438673263,"1.04603697981927","1.0469346421418866","1.0478351409098279","1.0487384862671636","1.0496446884322659","1.0505537577030633","1.0514657044626448"
0.38375,0.5,1,"1.0435111360877538",1.0000000000000007,0.3739381716098019,-0.026137910742240325,-0.1551578398738368,0.13184669636740792,"1.0485016647272216",1.0440266505180689,1.044915844720119,"1.0458079311832742","1.0467029219122117","1.0476008290187457","1.0485016647272216","1.0494054413802316","1.0503121714446992","1.05122186751833"
0.38625,0.5,1,"1.0432756046778007",1.0000000000000002,0.3714142004522002,-0.022730802353154483,-0.1466348740246201,0.13184669636740792,"1.0482489427619104",1.0437892262435289,1.0446752177410874,"1.0455641712052883","1.0464561004989072","1.0473510196307758","1.0482489427619104","1.0491498842119615","1.050053858466032","1.0509608801818868"
0.38875,0.5,1,"1.0430264822353952",1.0000000000000009,0.36880198732117164,-0.01950080901686528,-0.13847873401134458,0.13184669636740792,"1.0479804955914163",1.0435379975367363,1.0444204145055755,"1.0453058571148868","1.0461943409536827","1.0470858817927529","1.0479804955914163","1.0488781985046212","1.0497790068904265","1.0506829373178657"
0.39125,0.5,1,"1.0427639075719932",1.0000000000000007,0.36610203494329324,-0.0164439796960274,-0.1306782793448538,0.13184669636740792,"1.04769649349717",1.043273106251399,1.0441515822242269,"1.0450331416390852","1.0459178016841664","1.0468055797620788","1.04769649349717","1.0485905607432005","1.0494877995913825","1.05038822837884"
0.39375,0.5,1,"1.0424880154451734",1.0000000000000004,0.36331482277560573,-0.013556420252008634,-0.12322257168256752,0.13184669636740792,"1.047397101942944",1.042994690112896,1.0438688638486318,"1.0447461731116907","1.0456266365670348","1.0465102731237663","1.047397101942944","1.0482871424457516","1.0491804143220511","1.050076937539304"
0.39625,0.5,1,"1.0421989366550357",1.0000000000000009,0.36044080744526213,-0.010834291245614781,-0.11610086925328794,0.13184669636740792,"1.0470824816915856",1.0427028828166556,1.0435723981731735,"1.04444509557871","1.0453209950571063","1.0462001169033046","1.0470824816915856","1.0479681102841558","1.0488570238401236","1.0497492438248628"
0.39875,0.5,1,"1.0418967981371325",1.0000000000000004,0.3574804231697547,-0.008273805790988511,-0.10930262146031387,0.13184669636740792,"1.0467527889176311",1.0423978141229775,1.0432623199332016,"1.0441300488999565","1.0450010222924926","1.045875261675486","1.0467527889176311","1.0476336262005876","1.0485177960283205","1.0494053212368137"
0.40125,0.5,1,"1.041581723052021",1.0000000000000002,0.35443408215837935,-0.005871227460144735,-0.10281746365696602,0.13184669636740792,"1.0464081753158663",1.0420796099484324,1.0429387598996676,"1.043801168847033","1.044666859196012","1.0455358536693369","1.0464081753158663","1.0472838475198574","1.0481628940105834","1.049045338872348"
0.40375,0.5,1,"1.0412538308715915",1.0000000000000009,0.351302174995548,-0.0036228682356630707,-0.09663521208882647,0.13184669636740792,"1.0460487882060512",1.0417483924539568,1.0426018449703436,"1.0434585871977726","1.0443186425729594","1.045182034869307","1.0460487882060512","1.0469189270577504","1.0477924762641622","1.0486694610404894"
0.40625,0.5,1,"1.0409132374622543",1.0000000000000004,0.3480850710065529,-0.0015250865091712999,-0.09074585899730321,0.13184669636740792,"1.0456747706338976",1.0414042801297754,1.0422516982577812,"1.0431024318273063","1.0439565052053663","1.0448139431128565","1.0456747706338976","1.046539013225526","1.0474066967277444","1.0482778473739545"
0.40875,0.5,1,"1.0405600551651222",1.0000000000000004,0.3447831186063328,0.00042571487666982896,-0.08513956787934168,0.13184669636740792,"1.0452862614684777",1.0410473878772324,1.0418884391740668,"1.0427328267958467","1.0435805759429102","1.0444317121845426","1.0452862614684777","1.0461442501307217","1.0470057049057497","1.0478706529370632"
0.41125,0.5,1,"1.0401943928732973",1.0000000000000007,0.34139664563177136,0.0022330905448984272,-0.07980666889834068,0.13184669636740792,"1.0448833954961503",1.0406778270876986,1.0415121835125594,"1.042349892433332","1.0431909797905548","1.044035471906778","1.0448833954961503","1.045734777674372","1.0465896459689474","1.0474480283298604"
0.41375,0.5,1,"1.0398163561063367",1.0000000000000009,0.3379259596580386,0.0039005544618377066,-0.07473765444156978,0.13184669636740792,"1.044466303511158",1.0402957057185838,1.0411230435266512,"1.041953745421019","1.0427878379930584","1.0436253482273143","1.044466303511158","1.0453107316447816","1.0461586608515185","1.047010119788545"
0.41625,0.5,1,"1.0394260470820185",1.0000000000000007,0.33437134829944715,0.005431581777616862,-0.06992317481957656,0.13184669636740792,"1.0440351124029865",1.0399011283666164,1.0407211280057036,"1.0415444988701434","1.0423712681164414","1.0432014633036353","1.0440351124029865","1.044872243807981","1.0457128863446765","1.0465570692823942"
0.41874999999999996,0.5,1,"1.0390235647854884",1.0000000000000004,0.3307330794952707,0.006829610631618682,-0.06535403410329968,0.13184669636740792,"1.0435899452406192",1.0394941963384519,1.0403065423482072,"1.0411222623977394","1.0419413841265397","1.0427639355843017","1.0435899452406192","1.044419441994956","1.0452524551869855","1.0460890146072337"
0.42124999999999996,0.5,1,"1.0386090050358945",1.0000000000000004,0.32701140178096155,0.008098043924816428,-0.06102118609479309,0.13184669636740792,"1.0431309213537856",1.0390750077187063,1.0398793886323165,"1.0406871421997235","1.041498296464721","1.0423128798874004","1.0431309213537856","1.0439524501857942","1.0447774961514782","1.045606089475633"
0.42374999999999996,0.5,1,"1.0381824605505514",1.0000000000000007,0.323206544545165,0.009240251060876272,-0.05691573042765805,0.13184669636740792,"1.0426581564112947",1.0386436574355014,1.0394397656837995,"1.0402392411213248","1.0410421121208806","1.041848407476152","1.0426581564112947","1.0434713885907974","1.0442881341296644","1.0451084236039039"
0.42624999999999996,0.5,1,"1.0377440210067845",1.0000000000000004,0.31931871827291775,0.01025956965787185,-0.053028908793472655,0.13184669636740792,"1.0421717624965596",1.0382002373236117,1.0389877691415077,"1.0397786587249669","1.0405729347037815","1.0413706261318307","1.0421717624965596","1.0429763737287479","1.0437844902125837","1.044596142796024"
0.42874999999999996,0.5,1,"1.0372937731014291",1.0000000000000004,0.31534811477538577,0.011159307232385876,-0.04935210129067964,0.13184669636740792,"1.041671848180411",1.0377448361852737,1.0385234915204506,"1.0393054913556474","1.040090864508851","1.0408796402240093","1.041671848180411","1.0424675185023276","1.0432666817689413","1.0440693690245755"
0.43124999999999997,0.5,1,"1.0368318006081876",1.0000000000000007,0.31129490740648996,0.011942742857747936,-0.04587682289256892,0.13184669636740792,"1.0411585185912862",1.037277539848755,1.038047022272539,"1.038819832203958","1.0395959985835","1.040375550778282","1.0411585185912862","1.0419449322708516","1.0427348225204642","1.0435282205087943"
0.43374999999999997,0.5,1,"1.0363581844327872",1.0000000000000007,0.30715925126673466,0.012613128798096845,-0.04259472003116745,0.13184669636740792,"1.040631875482855",1.0367984312247271,1.037558447845093,"1.0383217713667523","1.039088430790057","1.0398584555415136","1.040631875482855","1.0414087209203775","1.0421890226145447","1.0429728117898582"
0.43624999999999997,0.5,1,"1.035873002666097",1.0000000000000007,0.3029412833945486,0.013173692119926198,-0.03949756729399666,0.13184669636740792,"1.040092017299207",1.0363075903605443,1.0370578517371458,"1.037811395905578","1.0385682518663768","1.0393284490446955","1.040092017299207","1.0408589869312577","1.0416293886942802","1.0424032538034564"
0.43875,0.5,1,"1.0353763306352186",1.0000000000000007,0.2986411229454173,0.013627636282725144,-0.03657726423082899,0.13184669636740792,"1.03953903923764",1.0358050944924646,1.036545314553676,"1.0372887899029455","1.0380355494842082","1.0387856226634908","1.03953903923764","1.0402958294432647","1.0410560239659585","1.041819653949744"
0.44125,0.5,1,"1.034868240952641",1.0000000000000004,0.29425887135907675,0.013978142710304653,-0.03382583226772097,0.13184669636740792,"1.0389730333091323",1.0352910180958852,1.0360209140577439,"1.036754034516461","1.0374904083053886","1.038230064676542","1.0389730333091323","1.0397193443182962","1.040469028264107","1.0412221161607804"
0.44375,0.5,1,"1.0343488035634754",1.0000000000000007,0.2897946125150241,0.014228372344354806,-0.031235411725750666,0.13184669636740792,"1.0383940883965896",1.03476543293365,1.0354847252206902,"1.0362072080309348","1.0369329100359237","1.0376618603215932","1.0383940883965896","1.0391296242008115","1.039868498114155","1.040610740965508"
0.44625,0.5,1,"1.0338180857908996",1.0000000000000007,0.28524841287656827,0.014381467181753767,-0.028798258942035606,0.13184669636740792,"1.037802290310909",1.0342284081025048,1.0349368202703662,"1.035648385908487","1.0363631334780283","1.0370810918495081","1.037802290310909","1.038526758575984","1.0392545267927746","1.0399856255523514"
0.44875,0.5,1,"1.033276152379775",1.0000000000000007,0.2806203216236551,0.014440551797126652,-0.02650674349074504,0.13184669636740792,"1.0371977218449215",1.0336800100777201,1.0343772687375394,"1.0350776408367488","1.0357811545801707","1.036487838576246","1.0371977218449215","1.0379108338257177","1.0386272043860119","1.0393468638295094"
0.00125,1,2,"-0.0024046653783649724 - 0.0009548138717660427*I",1.0000000000000018,-14.53186919505698,4.378579840501994,212.84458726178187,0.118,"-0.0024046653783649724 - 0.0009548138717660427*I",-0.0003963932355320973,-4.120552025902975e-7,"-4.476247462310504*^-8 + 4.2173977666094296*^-8*I","0.000012120678727765562 + 0.000034088419203550897*I","-0.000563497453923227 + 0.00005901709415965652*I","-0.0024046653783649724 - 0.0009548138717660427*I","-0.005972368625740258 - 0.0038344078779919293*I","-0.011687634720818844 - 0.009497784889420739*I","-0.019811187963428147 - 0.01927131083139124*I"
0.00375,1,2,"-0.010069229566508438",1,-9.496215119699151,-15.908502045450554,33.940167423961945,0.118,"-0.010069229566508438",0.006008768212839547,0.00019260179893960085,"-0.004329680268116978","-0.007539480225125625","-0.009441055456380543","-0.010069229566508438","-0.009500035786444082","-0.007867759932449269","-0.005401286621876232"
0.00625,1,2,"0.004829968117648253",1.000000000000001,-7.498660962172568,-18.370635458270296,-11.903224181170005,0.118,"0.004829968117648253",0.057399364467633496,0.044826751127462,"0.03319983653629773","0.02260208545401365","0.013117697220586162","0.004829968117648253","-0.0021808838086919626","-0.007840572785209853","-0.01208446559391133"
0.008749999999999999,1,2,"0.04455560055719904",1.0000000000000009,-6.3012982279836525,-18.37837936876233,-30.56097302060031,0.118,"0.04455560055719904",0.11783993945970625,0.10189296125550872,"0.0865130132774343","0.07177556985881568","0.05776123708122352","0.04455560055719904","0.032248909865599584","0.02093555116591132","0.010713247793453114"
0.01125,1,2,"0.09245642291035563",1.0000000000000002,-5.468014258719806,-17.75018756938958,-39.32818977794889,0.118,"0.09245642291035563",0.1765114584508659,0.15898862409408734,"0.14176003619358163","0.12488463487832832","0.10842676238381567","0.09245642291035563","0.0770495026695249","0.06228793191575873","0.04825976598285347"
0.01375,1,2,"0.14160655847341103",1.0000000000000009,-4.839986064088072,-16.94003477143455,-43.566102901993496,0.118,"0.14160655847341103",0.23079129204745305,0.2126498080988762,"0.19461408819962006","0.17672823726174755","0.15904108870950798","0.14160655847341103","0.12448400288054978","0.1077385739997245","0.09144156394670129"
0.01625,1,2,"0.18926837587993992",1.0000000000000007,-4.3423805567997675,-16.096277024310705,-45.45257319706231,0.118,"0.18926837587993992",0.2803140955983487,0.262085699120755,"0.24383263664620156","0.22558720835789933","0.20738562921495707","0.18926837587993992","0.17128055252073332","0.15347227389021081","0.13589906321620468"
0.018750000000000003,1,2,"0.2344102990345562",1.0000000000000007,-3.9343033327563797,-15.273277146536849,-46.02156328700172,0.118,"0.2344102990345562",0.32537078996571533,0.30736022803953367,"0.2892340958044692","0.27101557808824256","0.25273103258430335","0.2344102990345562","0.21608703120872247","0.1977990521011609","0.17958873243271778"
0.02125,1,2,"0.2767240961781602",1.0000000000000007,-3.5911099269502174,-14.491062559818289,-45.81673787900959,0.118,"0.2767240961781602",0.36641985032899643,0.34880412537945715,"0.3310091988208381","0.3130512588811577","0.2949490416104909","0.2767240961781602","0.25840107256183187","0.24000803284197655","0.22157678723155136"
0.02375,1,2,"0.31621529375387614",0.9999999999999999,-3.2968744914951755,-13.755816028698879,-45.14521193912788,0.118,"0.31621529375387614",0.4039283525349338,0.3868093933128448,"0.3694667583398504","0.35191125672352697","0.33415573356333467","0.31621529375387614","0.2981075461773693","0.27985286974444057","0.26147470277321067"
0.026250000000000002,1,2,"0.35302282818236874",1.0000000000000007,-3.040750364043658,-13.067865627037511,-44.18981316449853,0.118,"0.35302282818236874",0.4383219405376181,0.42175606576106833,"0.40493573010402356","0.3878675913044928","0.37055992822805744","0.35302282818236874","0.3352683921636866","0.3173109594957811","0.29916735340159273"
0.02875,1,2,"0.38733648310406926",1.0000000000000004,-2.815040866704585,-12.425074151956956,-43.06372439198496,0.118,"0.38733648310406926",0.469972958972059,0.45398809660648237,"0.43772791782223197","0.4211958641481694","0.40439666284164405","0.38733648310406926","0.3700231077938569","0.3524661219940826","0.33467711988954774"
0.03125,1,2,"0.41935841595964324",1.0000000000000002,-2.614101517193404,-11.824356134238274,-41.83909574932751,0.118,"0.41935841595964324",0.49920198023170503,0.48380809874041464,"0.4681253388777865","0.4521546431441392","0.43589796840112116","0.41935841595964324","0.40254037493922196","0.3854496801152398","0.3680937855695951"
0.03375,1,2,"0.44928542448497555",1.0000000000000004,-2.4336792016513136,-11.262375203886704,-40.562917242829215,0.118,"0.44928542448497555",0.5262835767450226,0.5114791919785752,"0.49637777857105897","0.48097833433649845","0.4652806514024177","0.44928542448497555","0.4329943704758321","0.4164103604096626","0.3995375649745796"
0.036250000000000004,1,2,"0.4773012528163635",1.0000000000000009,-2.2704957440943794,-10.73586344226769,-39.26624550145757,0.118,"0.4773012528163635",0.5514529044498073,0.5372292358831378,"0.5227044347531066","0.5078759860343863","0.4927419900980648","0.4773012528163635","0.4615533852870361","0.4454989141061715","0.4291394032028409"
0.03875,1,2,"0.5035738233825094",1.0000000000000004,-2.121975309987364,-10.24176021851907,-37.969778081575264,0.118,"0.5035738233825094",0.5749118588797402,0.5612555349400432,"0.5472970161168682","0.5330326134517411","0.5184591075165893","0.5035738233825094","0.4883747137621761","0.4728604511276204","0.4570305296802891"
0.04125,1,2,"0.5282548713749015",1.0000000000000007,-1.986060135506723,-9.777263262648756,-36.687331477982525,0.118,"0.5282548713749015",0.5968344277503704,0.5837292724975155,"0.5703231529755488","0.5566114740452127","0.5425899908925272","0.5282548713749015","0.5136027653116407","0.49863088140840894","0.4833370725710682"
0.043750000000000004,1,2,"0.5514807092704327",1.0000000000000007,-1.8610824867467055,-9.339837155930757,-35.42807109303992,0.118,"0.5514807092704327",0.6173711986488041,0.6047994241057092,"0.591929644881726","0.5787565724511459","0.5652751710086316","0.5514807092704327","0.5373688181775848","0.522935555093003","0.508177475141657"
0.04625,1,2,"0.5733734725693674",0.9999999999999988,-1.745673542544878,-8.927201808135223,-34.19797454610718,0.118,"0.5733734725693674",0.6366531008487918,0.624596107697985,"0.6122453695756167","0.5995950745560995","0.5866395834081382","0.5733734725693674","0.5597915821396339","0.5458890694005631","0.5316614684186293"
0.04875,1,2,"0.5940425168095528",1.0000000000000004,-1.6386971851973706,-8.537312349804191,-33.00081113413069,0.118,"0.5940425168095528",0.65479449352055,0.6432334097448713,"0.6313838120567244","0.6192395015095187","0.6067943861939834","0.5940425168095528","0.5809781265056629","0.567595675428227","0.5538899004492926"
0.051250000000000004,1,2,"0.6135858018641142",1.0000000000000004,-1.5392009953617996,-8.16833622422577,-31.838808668502246,0.118,"0.6135858018641142",0.6718957116146497,0.6608117535412474,"0.6494452301739849","0.6377896653459391","0.6258386360650673","0.6135858018641142","0.6010249377851815","0.5881499713722691","0.5749550240818494"
0.05375,1,2,"0.6320911867018",1.0000000000000004,-1.4463793812693477,-7.818630348494669,-30.71311412330999,0.118,"0.6320911867018",0.6880451677175572,0.6774198794628986,"0.6665184950543063","0.6553343497445338","0.6438607878177537","0.6320911867018","0.6200189841754715","0.6076377089911689","0.5949410152647632"
0.05625,1,2,"0.6496376035543575",1.0000000000000004,-1.3595454274760732,-7.486719690344646,-29.624115812596283,0.118,"0.6496376035543575",0.703321092417245,0.693136501417902,"0.6826826502384559","0.6719527572402078","0.660940013709636","0.6496376035543575","0.638038725635111","0.6261366190086993","0.6139245913840241"
0.058750000000000004,1,2,"0.66629610411363",1.0000000000000004,-1.278109115051011,-7.1712778113479985,-28.571671079312722,0.118,"0.66629610411363",0.7177929807863309,0.7080316951071842,"0.6980082317565941","0.6877157502381758","0.6771473535423191","0.66629610411363","0.6551550420632863","0.643717205862496","0.6319756557765905"
0.06125,1,2,"0.682130782177937",1.0000000000000004,-1.2015602682395559,-6.871109516271395,-27.555268593636267,0.118,"0.682130782177937",0.7315227996860688,0.7221680648184983,"0.7125583869303709","0.7026869136455894","0.692546712184033","0.682130782177937","0.6714320703995099","0.6604434876027624","0.6491579277026398"
0.06375,1,2,"0.6971995825672218",1.0000000000000007,-1.1294550556752594,-6.585135543794163,-26.574144830834438,0.118,"0.6971995825672218",0.7445659999120895,0.7356017273909811,"0.7263898244846484","0.7169234649231345","0.70719572276867","0.6971995825672218","0.6869279511261531","0.6763736710925476","0.6655295365239944"
0.06625,1,2,"0.7115550081142208",1.0000000000000002,-1.061405198358609,-6.312379139838379,-25.62736808748018,0.118,"0.7115550081142208",0.7569723685518351,0.7483831450415637,"0.7395536235066071","0.7304770344254352","0.7211464932122641","0.7115550081142208","0.7016954894906683","0.6915607606248344","0.6811435702327686"
0.06875,1,2,"0.7252447367517321",1.0000000000000002,-0.9970692624962884,-6.0519543196238725,-24.71389927732461,0.118,"0.7252447367517321",0.7687867499955621,0.7605578329532636,"0.7520959242698272","0.7433943357955104","0.7344462521578375","0.7252447367517321","0.7157827389027759","0.7060531023328626","0.6960485750702274"
0.07125000000000001,1,2,"0.7383121600533699",1.0000000000000002,-0.9361455751200664,-5.803055619988905,-23.832635977187444,0.118,"0.7383121600533699",0.7800496585234058,0.7721669627738502,"0.7640585200510656","0.7557177432515776","0.7471379086053375","0.7383121600533699","0.7292335146193263","0.7198948688861714","0.7102890067002572"
0.07375,1,2,"0.7507968535387293",1.0000000000000002,-0.87836641509485,-5.56494915401098,-22.982444302606254,0.118,"0.7507968535387293",0.7907978010007444,0.7832478793081835,"0.775479365793244","0.7674857899930653","0.7592605376123177","0.7507968535387293","0.7420878456986405","0.7331264898483548","0.7239056354064957"
0.07625,1,2,"0.7627349878873682",1.0000000000000004,-0.8234932154994123,-5.3369647970969085,-22.16218188670589,0.118,"0.7627349878873682",0.801064524720041,0.7938345445562748,"0.7863930167469275","0.7787335996925073","0.7708498027075841","0.7627349878873682","0.7543823726821186","0.7457850332618148","0.7369359087616579"
0.07875,1,2,"0.7741596890564367",1.0000000000000004,-0.7713125747009936,-5.118489352966838,-21.370714322831844,0.118,"0.7741596890564367",0.8108802026408994,0.8039579207159884,"0.7968310079766697","0.7894932611183214","0.7819383241025157","0.7741596890564367","0.7661506977665129","0.7579045438371552","0.7494142755925949"
0.08125,1,2,"0.7851013542301327",1.0000000000000013,-0.7216329190731365,-4.908960566989025,-20.606926786692974,0.118,"0.7851013542301327",0.8202725660515421,0.813646301719223,"0.8068221837715759","0.7997941543163868","0.7925560004270475","0.7851013542301327","0.7774236934894359","0.769516342747484","0.7613724750915922"
0.08375,1,2,"0.7955879295724619",1,-0.6742816946005864,-4.7078618720052985,-19.869732093958667,0.118,"0.7955879295724619",0.8292669928865649,0.8229256012085754,"0.8163929844825195","0.8096632354260025","0.8027302905510179","0.7955879295724619","0.7882297752290699","0.7806492935691883","0.7728397947590432"
0.08625000000000001,1,2,"0.8056451549141507",1.0000000000000018,-0.6291029906390894,-4.514717767654198,-19.15807611845891,0.118,"0.8056451549141507",0.8378867584951456,0.831819603511556,"0.8255676970623375","0.8191252860783907","0.8124864610588307","0.8056451549141507","0.7985951421495041","0.7913300384331086","0.7838433005992991"
0.08875000000000001,1,2,"0.8152967797754131",1.0000000000000004,-0.585955519024153,-4.329089748143389,-18.47094125620852,0.118,"0.8152967797754131",0.8461532544887356,0.840350183069351,"0.8343686745607002","0.8282031323874318","0.8218478041050988","0.8152967797754131","0.8085439906194225","0.8015832079872125","0.7944080426866651"
0.09125,1,2,"0.8245647544988423",1.0000000000000009,-0.5447108871089649,-4.1505727055175,-17.807348445205847,0.118,"0.8245647544988423",0.8540861803511657,0.8485374968782572,"0.8428165289810712","0.8369178377610612","0.8308358296696","0.8245647544988423","0.818098703597052","0.8114316083414859","0.8045572389052248"
0.09375,1,2,"0.8334693997297049",1.0000000000000007,-0.5052521152859469,-3.978791745871007,-17.166358121970923,0.118,"0.8334693997297049",0.8617037117225812,0.8564001537647381,"0.8509303012100834","0.845288873110969","0.839470435632314","0.8334693997297049","0.8272800190060717","0.8208963877751939","0.8143124393632043"
0.09625,1,2,"0.8420295570226363",1.0000000000000007,-0.467472358934804,-3.813399364860007,-16.54707040038694,0.118,"0.8420295570226363",0.8690226486370493,0.8639553637085019,"0.8587276111525772","0.8533342674953445","0.8477700585857944","0.8420295570226363","0.8361071797202754","0.8299971856380957","0.8236936736996257"
0.09875,1,2,"0.8502627229631473",1.0000000000000004,-0.43127380215258987,-3.6540729364640447,-15.948624687358366,0.118,"0.8502627229631473",0.8760585464744471,0.8712190699271732,"0.8662247907264051","0.861070741775694","0.8557518078778541","0.8502627229631473","0.8445980674229137","0.8387522655691568","0.8327195832427285"
0.10125,1,2,"0.8581851688599477",1.0000000000000007,-0.39656669651232673,-3.5005124754197947,-15.370198896680849,0.118,"0.8581851688599477",0.8828258319588126,0.8782060660211712,"0.8734370019722112","0.8685138274887662","0.8634315850195574","0.8581851688599477","0.8527693223032886","0.847178634886226","0.8414075397472451"
0.10375000000000001,1,2,"0.8658120477807646",1.0000000000000007,-0.36326852280855926,-3.3524386392585006,-14.811008382602248,0.118,"0.8658120477807646",0.8893379061803347,0.8849301001323102,"0.8803783422002814","0.8756779728156358","0.8708241902911013","0.8658120477807646","0.8606364502920458","0.8552921517643398","0.8497737522305773"
0.10625,1,2,"0.8731574904630344",1.0000000000000004,-0.33130325753775464,-3.2095909405717786,-14.270304684458447,0.118,"0.8731574904630344",0.8956072363229701,0.8914039677817875,"0.8870619378175293","0.8825766372615915","0.8779434181222503","0.8731574904630344","0.8682139193121232","0.8631076216151096","0.8578333632448312"
0.10875,1,2,"0.8802346914249167",1,-0.3006007289281958,-3.071726144125614,-13.74737415097921,0.118,"0.8802346914249167",0.9016454375333216,0.897639594812189,"0.8935000282432775","0.8892223764339974","0.8848021426069436","0.8802346914249167","0.8755152458291982","0.8706388839013997","0.8656005357603686"
0.11125,1,2,"0.887055986426056",0.9999999999999998,-0.2710960498270914,-2.9386168268569905,-13.241536495587129,0.118,"0.887055986426056",0.9074633461600018,0.9036481116557099,"0.8997040411249773","0.8956269181137592","0.8914123943273287","0.887055986426056","0.882553072819428","0.8778988904668819","0.8730885316950434"
0.11375,1,2,"0.893632922277069",1.0000000000000002,-0.2427291167912906,-2.8100500816970015,-12.752143320862482,0.118,"0.893632922277069",0.9130710854193009,0.9094399199802271,"0.905684659898063","0.9018012306536134","0.8977854295054772","0.893632922277069","0.8893392401292729","0.8848997763258153","0.8803097829992275"
0.11625,1,2,"0.8999763198675846",0.9999999999999997,-0.21544416640184325,-2.6858263486607816,-12.27857664033993,0.118,"0.8999763198675846",0.9184781243966527,0.9150247526206465,"0.9114518845926586","0.907755584598316","0.9039317923670187","0.8999763198675846","0.8958848480790046","0.8916529237420596","0.8872759560982958"
0.11875000000000001,1,2,"0.9060963311719362",1.0000000000000002,-0.18918938120399734,-2.565758358779684,-11.820247418180786,0.118,"0.9060963311719362",0.9236933311696777,0.9204117275807062,"0.9170150866696027","0.9134996083040892","0.9098613714863439","0.9060963311719362","0.9022003150551451","0.8981690203252929","0.8939980103993348"
0.12125,1,2,"0.9120024908961559",1.0000000000000007,-0.16391653881897855,-2.4496701782862735,-11.376594141439387,0.118,"0.9120024908961559",0.9287250207335229,0.9256093967864504,"0.9223830585657149","0.9190423382340799","0.9155834507847972","0.9120024908961559","0.9082954297452432","0.9044581117845991","0.9004862514859187"
0.12375,1,2,"0.9177037633478067",1.0000000000000007,-0.1395806987265065,-2.3373963420426977,-10.947081435228393,0.118,"0.9177037633478067",0.9335809983198,0.9306257901839032,"0.9275640585406448","0.9243922645203474","0.9211067557688193","0.9177037633478067","0.9141793985888447","0.9105296499033432","0.9067503795521996"
0.12625,1,2,"0.9232085850391547",1.0000000000000004,-0.11613992201276838,-2.228781066562502,-10.531198727710022,0.118,"0.9232085850391547",0.9382685986241083,0.9354684556976406,"0.9325658513425532","0.9295573723088949","0.9264394955223603","0.9232085850391547","0.9198608889496188","0.9163925362327575","0.9127995335641277"
0.12875,1,2,"0.9285249034727274",1.0000000000000007,-0.09355502004636936,-2.123677534153287,-10.128458969300548,0.118,"0.9285249034727274",0.9427947213917511,0.9401444955019148,"0.9373957451453236","0.9345451793404504","0.9315894009051102","0.9285249034727274","0.9253480684537632","0.9220551619437769","0.9186423315799739"
0.13125,1,2,"0.9336602125050455",1.0000000000000004,-0.07178932860649076,-2.021947240724434,-9.738397408548797,0.118,"0.9336602125050455",0.9471658637551358,0.9446605990000564,"0.9420606251545248","0.9393627701647549","0.9365637593538255","0.9336602125050455","0.9306486408876944","0.9275254442261466","0.9242869076136274"
0.13375,1,2,"0.9386215846379847",1.0000000000000018,-0.050808504462203884,-1.9234594006867245,-9.360570425709257,0.118,"0.9386215846379847",0.9513881496680259,0.9490230728596646,"0.9465669842312536","0.9440168273384328","0.9413694466370223","0.9386215846379847","0.9357698790027624","0.9328108595795661","0.9297409453813513"
0.13625,1,2,"0.9434157005469404",1.0000000000000002,-0.030580341804392577,-1.8280904031384702,-8.994554423964754,0.118,"0.9434157005469404",0.955467356740152,0.953237868409436,"0.9509209508415363","0.9485136599153461","0.9460129558723955","0.9434157005469404","0.9407186545350705","0.9379184743030439","0.9350117092351659"
0.13875,1,2,"0.9480488761197947",1.0000000000000002,-0.011074606273719034,-1.7357233142003095,-8.6399447774713,0.118,"0.9480488761197947",0.9594089407395795,0.9573106066673501,"0.9551283146029051","0.9528592295023899","0.9505004240807896","0.9480488761197947","0.9455014657139117","0.9428549724546628","0.9401060725528956"
0.14125000000000001,1,2,"0.9525270872499382",1,0.007737115380120981,-1.6462474209424514,-8.296354834832018,0.118,"0.9525270872499382",0.9632180579989532,0.9612466012386385,"0.9591945496684332","0.9570591741225177","0.9548376565194846","0.9525270872499382","0.950124462501981","0.9476266815242108","0.9450305438259576"
0.14375000000000002,1,2,"0.9568559925997189",1.0000000000000009,0.025881551722758522,-1.5595578128602083,-7.963414976220686,0.118,"0.9568559925997189",0.966899585934544,0.9650508792946125,"0.9631248361612341","0.9611188300995012","0.9590301490104656","0.9568559925997189","0.9545934697839594","0.9522395960349236","0.9497912906601674"
0.14625,1,2,"0.9610409545270668",1.0000000000000007,0.04338387064398461,-1.4755549972964277,-7.640771722103876,0.118,"0.9610409545270668",0.9704581418633004,0.9687282008196855,"0.9669240798485298","0.9650432521551254","0.9630831084555652","0.9610409545270668","0.9589140086966726","0.9566993992675692","0.9543941618822988"
0.14875,1,2,"0.9650870583473165",1.0000000000000007,0.060267792267340185,-1.3941445456040775,-7.328086891353586,0.118,"0.9650870583473165",0.973898100282452,0.9722830762930831,"0.9705969302236248","0.9688372318886064","0.9670014717095584","0.9650870583473165","0.9630913162734193","0.9610114832796771","0.9588447079250219"
0.15125,1,2,"0.968999130083945",1.0000000000000007,0.07655569191811458,-1.3152367671834801,-7.025036806444349,0.118,"0.968999130083945",0.9772236087580284,0.9757197829535417,"0.9741477971457149","0.972505314789722","0.9707899229639132","0.968999130083945","0.9671303635569755","0.9651809673748277","0.9631481996451774"
0.15375,1,2,"0.9727817528459027",1.0000000000000009,0.0922686941693869,-1.2387464088339553,-6.731311543399189,0.118,"0.9727817528459027",0.9804386025528656,0.9790423797792631,"0.9775808661714618","0.9760518159210007","0.9744529097778494","0.9727817528459027","0.9710358723196614","0.9692127151609394","0.9673096457145405"
0.15625,1,2,"0.9764392819549191",1.0000000000000009,0.10742675886678743,-1.1645923771257454,-6.446614224155167,0.118,"0.9764392819549191",0.9835468181106136,0.98225472130136,"0.9809001126980874","0.9794808343900951","0.9779946578790204","0.9764392819549191","0.9748123305147962","0.9731113503224386","0.9713338087083373"
0.15875,1,2,"0.9799758589336102",1.0000000000000002,0.1220487599289924,-1.092697481734204,-6.170660349057377,0.118,"0.9799758589336102",0.9865518055000795,0.9853604703566295,"0.9841093150252481","0.9827962667209591","0.9814191848436385","0.9799758589336102","0.9784640065711475","0.9768812712186656","0.9752252200043295"
0.16125,1,2,"0.9833954244540618",1.0000000000000002,0.1361525576303874,-1.0229881978881372,-5.903177167249429,0.118,"0.9833954244540618",0.9894569399132904,0.9883631098745187,"0.9872120664319234","0.9860018192213116","0.9847303127546698","0.9833954244540618","0.9819949626309589","0.9805266644097591","0.9789881935942215"
0.16375,1,2,"0.9867017303366236",0.9999999999999998,0.149755064993761,-0.955394446268635,-5.643903082807429,0.118,"0.9867017303366236",0.992265432301176,0.991265953783509,"0.9902117863548447","0.9891010194340536","0.9879316799268626","0.9867017303366236","0.9854090668221562","0.9840515172013607","0.9826268388993273"
0.16625,1,2,"0.9898983506798427",1.0000000000000002,0.1628723088517391,-0.8898493888603869,-5.392587094547358,0.118,"0.9898983506798427",0.9949803392222417,0.9940721571135496,"0.993111730746241","0.9920972267516188","0.9910267517786069","0.9898983506798427","0.9887100046465122","0.9874596292906547","0.9861450726736016"
0.16875,1,2,"0.9929886921946702",1.0000000000000007,0.1755194860750872,-0.82628923940256,-5.148988267530079,0.118,"0.9929886921946702",0.9976045719720799,0.9967847253635624,"0.995915001681064","0.9949936422644062","0.9940188309228166","0.9929886921946702","0.9919012895577","0.9907546235884007","0.9895466300692968"
0.17125,1,2,"0.9959760038089961",1.0000000000000004,0.18771101541296567,-0.7646530872179064,-4.912875234382431,0.118,"0.9959760038089961",1.0001409050549326,0.9994065231962949,"0.9986245562770121","0.9977933179076359","0.9969110665420302","0.9959760038089961","0.9949862727961164","0.9939399562845533","0.992835074933495"
0.17375000000000002,1,2,"0.9988633856024007",1,0.19946058534326983,-0.7048827333151736,-4.684025724653806,0.118,"0.9988633856024007",1.0025919840525106,1.0019402825167585,"1.0012432149845443","1.0004991649647466","0.999706463106807","0.9988633856024007","0.9979681525411039","0.9970189262187743","0.9960138093974007"
0.17625000000000002,1,2,"1.0016537971253339",1.0000000000000007,0.21078119828998806,-0.646922537762119,-4.462226120517065,0.118,"1.0016537971253339",1.004960332940037,1.0043886099851214,"1.0037736692986763","1.003113961979982","1.0024078884908283","1.0016537971253339","1.0008499824355395","0.9999946836115043","0.9990860828146854"
0.17875,1,2,"1.0043500651520152",1.0000000000000007,0.22168521152789156,-0.5907192774223385,-4.247271037225276,0.118,"1.0043500651520152",1.0072483608947105,1.0067539940101553,"1.0062184889394736","1.0056403621279073","1.005018081531277","1.0043500651520152","1.0036346795327573","1.0028702382061905","1.0020550001000477"
0.18125,1,2,"1.006954890911799",1.0000000000000009,0.2321843750625627,-0.5362220132297234,-4.038962926822783,0.118,"1.006954890911799",1.0094583686375895,1.0090388112650017,"1.008580128543813","1.008080900083175","1.0075396590785048","1.006954890911799","1.0063250317112011","1.0056484668686854","1.0049235295146077"
0.18375,1,2,"1.009470856839707",1.0000000000000004,0.24228986674520014,-0.4833819662507996,-3.8371117036972757,0.118,"1.009470856839707",1.0115925543461002,1.011245332763222,"1.0108609339070938","1.010437998429933","1.009975122575102","1.009470856839707","1.0089237045981942","1.0083321206857876","1.0076945099406254"
0.18625,1,2,"1.0119004328832841",1.0000000000000004,0.25201232485601277,-0.4321524018518073,-3.641534390649414,0.118,"1.0119004328832841",1.0136530191709532,1.0133757295296277,"1.0130631478100742","1.012713973646715","1.0123268642007965","1.0119004328832841","1.0114332480404702","1.0109238316011588","1.0103706576843194"
0.18875,1,2,"1.0142459823995373",1.0000000000000002,0.2613618783674055,-0.38248852134814815,-3.4520547842327796,0.118,"1.0142459823995373",1.0156417723882725,1.015432077897294,"1.0151889154628542","1.0149110416994516","1.0145971726164926","1.0142459823995373","1.0138561021559","1.0134261186235516","1.0129545728422127"
0.19125,1,2,"1.016509767672898",1.0000000000000004,0.2703481750779409,-0.334347360567625,-3.268503138195533,0.118,"1.016509767672898",1.0175607362149408,1.0174163644593803,"1.0172402895952524","1.0170313232723978","1.0167882383377387","1.016509767672898","1.0161946029978022","1.0158413936392576","1.0154487452634195"
0.19375,1,2,"1.018693955082422",1.0000000000000007,0.2789804077900898,-0.2876876948088811,-3.090715863929616,0.118,"1.018693955082422",1.0194117503127105,1.0193304907018672,"1.0192192352201694","1.0190768486641555","1.0189021587653742","1.018693955082422","1.018450987860571","1.0181719668579843","1.0178555601375139"
0.19625,1,2,"1.0208006199440414",1.0000000000000004,0.2872673386884267,-0.2424699497201345,-2.918535246899858,0.118,"1.0208006199440414",1.0211965760044457,1.0211762773410673,"1.0211276340943518","1.021049562373658","1.0209409428986844","1.0208006199440414","1.0206274002529103","1.0204200519189128","1.0201773032351737"
0.19875,1,2,"1.022831751051528",1.0000000000000007,0.2952173220607187,-0.19865611766371713,-2.7518091780912006,0.118,"1.022831751051528",1.0229169002238114,1.0229554683876982,"1.0229672888988162","1.022951327398854","1.02290651575428","1.022831751051528","1.022725894562769","1.022587770681434","1.0224161658265203"
0.20125,1,2,"1.0247892549378572",1.0000000000000004,0.30283832549132045,-0.1562096791678134,-2.5903908995729235,0.118,"1.0247892549378572",1.0245743392179283,1.0246697349575158,"1.0247399271593105","1.024783929268921","1.0248007225119373","1.0247892549378572","1.0247484404360685","1.024677157723077","1.024574249300043"
0.20375000000000001,1,2,"1.0266749598768532",1.0000000000000007,0.3101379496444869,-0.11509552910044134,-2.43413876333718,0.118,"1.0266749598768532",1.0261704420208784,1.0263206788467476,"1.0264472049255497","1.0265490798291317","1.0266253324069405","1.0266749598768532","1.0266969268895074","1.0266901645652888","1.0266535695031445"
0.20625000000000002,1,2,"1.0284906196434127",1.0000000000000004,0.3171234467449804,-0.07527990722970578,-2.2829160026202757,0.118,"1.0284906196434127",1.0277066937144543,1.0279098358891494,"1.0280907102263448","1.0282484207958664","1.0283820423867882","1.0284906196434127","1.0285731661760826","1.0286286636460464","1.028656060823631"
0.20875000000000002,1,2,"1.030237917049078",1.0000000000000002,0.32380173785380517,-0.036730332861985696,-2.1365905149680207,0.118,"1.030237917049078",1.0291845184911983,1.029438679110054,"1.0296719663164178","1.0298835270979152","1.0300724805487553","1.030237917049078","1.0303788974204537","1.0304944520568018","1.030583580029974"
0.21125,1,2,"1.0319184672684407",1.0000000000000009,0.33017942902834513,0.0005844567260579077,-1.9950346563509607,0.118,"1.0319184672684407",1.0306052825335477,1.0309086216915806,"1.0311924347293278","1.0314559100188592","1.0316982093734204","1.0319184672684407","1.0321157900399711","1.0322892550598284","1.032437909886744"
0.21375,1,2,"1.0335338209706177",1.0000000000000007,0.3362628264486309,0.03669456432280641,-1.8581250456826104,0.118,"1.0335338209706177",1.0319702967218136,1.0323210197620118,"1.032653518149901","1.0329670201541696","1.0332607287681077","1.0335338209706177","1.0337854469658478","1.0340147294008182","1.0342207625603195"
0.21625,1,2,"1.0350854672689003",1.0000000000000004,0.34205795058443955,0.0716289875257223,-1.7257423791297986,0.118,"1.0350854672689003",1.0332808191826646,1.0336771750213372,"1.0340565631183816","1.034418250195573","1.0347614789330906","1.0350854672689003","1.035389407677933","1.0356724664304358","1.0359337828288733"
0.21875,1,2,"1.0365748365007166",1.0000000000000004,0.3475705494715982,0.10541567041644678,-1.5977712536488389,0.118,"1.0365748365007166",1.03453805768893,1.0349783372139874,"1.0354028625776373","1.035810937554269","1.0362018430623736","1.0365748365007166","1.0369291510654246","1.0372639950474047","1.0375785511094973"
0.22125,1,2,"1.0380033028490523",1.0000000000000007,0.35280611116034377,0.13808155237228723,-1.4740999992115158,0.118,"1.0380033028490523",1.0357431719206192,1.0362257064589633,"1.0366936582738495","1.0371463668336744","1.0375831498900159","1.0380033028490523","1.0384060981249792","1.038790784474867","1.0391565863143806"
0.22375,1,2,"1.0393721868156935",1.0000000000000007,0.35776987539321653,0.1696526142044394,-1.3546205192212326,0.118,"1.0393721868156935",1.0368972755963615,1.0374204354467456,"1.037930143020322","1.0384257721615735","1.0389066760920795","1.0393721868156935","1.03982161450675","1.0402542468807667","1.0406693485471126"
0.22625,1,2,"1.0406827575558275",1.0000000000000009,0.3624668445653896,0.2001539217981658,-1.239228138651441,0.118,"1.0406827575558275",1.0380014384837046,1.0385636315116769,"1.039113462833298","1.0396503393907626","1.0401736485535287","1.0406827575558275","1.0411770129181517","1.0416557398522677","1.042118241649244"
0.22875,1,2,"1.0419362350828465",1.0000000000000013,0.36690179401605394,0.22960966741827354,-1.1278214594645113,0.118,"1.0419362350828465",1.0390566882961207,1.039656358587842,"1.040244718948036","1.0408212081766495","1.0413852465087343","1.0419362350828465","1.0424735553943896","1.0429965687334481","1.0435046156066288"
0.23125,1,2,"1.0431337923515476",1.0000000000000002,0.3710792816955789,0.2580432088302768,-1.0203022228999785,0.118,"1.0431337923515476",1.0400640124839526,1.0406996390558716,"1.041324969722734","1.041939473939627","1.0425426035635876","1.0431337923515476","1.0437124554441277","1.0442779888348432","1.0448297688242707"
0.23375,1,2,"1.0442765572273147",1.0000000000000018,0.3750036572495891,0.28547710637760143,-0.9165751782443585,0.118,"1.0442765572273147",1.0410243599260043,1.0416944554875482,"1.0423552324373855","1.0430061897193976","1.0436468096065974","1.0442765572273147","1.0448948800780824","1.045501207522804","1.0460949502778263"
0.23625000000000002,1,2,"1.0453656143483332",1.0000000000000004,0.37867907055791167,0.3119331581444743,-0.8165479577188121,0.118,"1.0453656143483332",1.0419386425279724,1.0426417522945959,"1.043336484994089","1.044022367928015","1.0446989126158912","1.0453656143483332","1.046021951727731","1.0466673861960343","1.0473013615492957"
0.23875000000000002,1,2,"1.0464020068873505",1.0000000000000002,0.3821094797634168,0.33743243332566286,-0.7201309571430464,0.118,"1.0464020068873505",1.042807736733497,1.043542437287547,"1.0442696675248708","1.0449889820078277","1.045699920368453","1.0464020068873505","1.0470947500608538","1.04777764215615","1.0484501587539394"
0.24125,1,2,"1.0473867382190785",1.0000000000000004,0.3852986588229448,0.3619953039148878,-0.6272372220555459,0.118,"1.0473867382190785",1.0436324849531406,1.0443973831501745,"1.045155683912649","1.0459069680000908","1.0466508020575598","1.0473867382190785","1.0481143137001037","1.0488330503786718","1.049542454364914"
0.24375,1,2,"1.0483207734988595",1.0000000000000007,0.388250204610224,0.3856414748171328,-0.5377823389871551,0.118,"1.0483207734988595",1.0444136969162872,1.045207428834589,"1.0459954032305914","1.0467772260296564","1.0475524898238686","1.0483207734988595","1.0490816418503885","1.0498346451903184","1.0505793189417043"
0.24625,1,2,"1.0492050411578437",1.000000000000001,0.39096754359824204,0.4083900124816556,-0.45168433160582316,0.118,"1.0492050411578437",1.0451521509505481,1.0459733808817182,"1.0467896611046723","1.047600621710663","1.0484058802053262","1.0492050411578437","1.0499976958404635","1.0507834218581447","1.051561782767988"
0.24875,1,2,"1.050040434319559",1.0000000000000007,0.39345393814654456,0.43025937214695004,-0.3688635614652165,0.118,"1.050040434319559",1.0458485951929264,1.0466960146715683,"1.0475392610040084","1.0483779874778982","1.049211835510598","1.050040434319559","1.050863400583716","1.0516803380956448","1.0524908374042024"
0.25125,1,2,"1.0508278121424226",1.0000000000000007,0.395712492417059,0.4512674237825321,-0.2892426331055149,0.118,"1.0508278121424226",1.0465037487367805,1.0473760756073702,"1.0482449754630967","1.0491101238481548","1.0499711851204974","1.0508278121424226","1.051679645962792","1.0525263154906004","1.053367437159683"
0.25375,1,2,"1.0515680010924193",1.0000000000000007,0.39774615794013085,0.4714314768062783,-0.21274630327164273,0.118,"1.0515680010924193",1.0471183027182378,1.0480142802373842,"1.048907547239951","1.0497978006155726","1.0506847267214996","1.0515680010924193","1.0524472881424531","1.053322240859111","1.0541925004889667"
0.25625,1,2,"1.0522617961498946",1.0000000000000007,0.3995577388510462,0.49076830365198315,-0.13930139402473088,0.118,"1.0522617961498946",1.0476929213455288,1.0486113173179574,"1.0495276904137159","1.0504417579847183","1.0513532274752189","1.0522617961498946","1.0531671508146585","1.054068967529979","1.0549669113164857"
0.25875,1,2,"1.0529099619541367",1.0000000000000002,0.4011498968156516,0.5092941622561242,-0.06883670953744259,0.118,"1.0529099619541367",1.0482282428744467,1.0491678488210812,"1.0501060914251672","1.051042707644897","1.0519774251273886","1.0529099619541367","1.0538400263796812","1.0547673165633284","1.055691520293667"
0.26125,1,2,"1.053513233889195",1,0.4025251556623736,0.527024817528705,-0.0012829563761697325,0.118,"1.053513233889195",1.0487248805329414,1.0496845108895774,"1.0506434100632982","1.051601333788947","1.0525580290597407","1.053513233889195","1.054466677066768","1.0554180779070201","1.056367145992103"
0.26375,1,2,"1.0540723191141101",1.0000000000000004,0.403685905736751,0.5439755618693725,0.06342733291812239,0.118,"1.0540723191141101",1.0491834233976136,1.0501619147427559,"1.0511402804008956","1.0521182940795442","1.053095721287833","1.0540723191141101","1.0550478359976392","1.0560220114943362","1.056994576036282"
0.26625,1,2,"1.054587897540579",1.0000000000000009,0.40463440799319966,0.5601612347855901,0.12535987312514998,0.118,"1.054587897540579",1.0496044372247322,1.0506006475352132,"1.0515973116818893","1.052594220565851","1.0535911574078252","1.054587897540579","1.0555842081958948","1.056579848285975","1.057574568179118"
0.26875,1,2,"1.0550606227608297",1.0000000000000002,0.4053727978379261,0.575596241666782,0.18457869668389368,0.118,"1.0550606227608297",1.0499884652382048,1.0510012731713219,"1.0520150891630426","1.0530297205531784","1.0540449674948251","1.0550606227608297","1.0560764715452036","1.0570922912594074","1.058107851323299"
0.27125,1,2,"1.055491122928304",1.0000000000000007,0.40590308873564673,0.5902945717648236,0.24114622123140309,0.118,"1.055491122928304",1.0503360288767558,1.051364333077668,"1.0523941749123806","1.0534253774280802","1.054457756955427","1.055491122928304","1.0565252776989487","1.0575600163482657","1.0585951264912747"
0.27375,1,2,"1.0558800015936447",1.0000000000000007,0.40622717559199806,0.6042698154284512,0.2951233144905531,0.118,"1.0558800015936447",1.0506476285024353,1.0516903469357057,"1.0527351085666128","1.0537817514412524","1.0548301073367583","1.0558800015936447","1.056931252943857","1.057983673334422","1.0590370677465522"
0.27625,1,2,"1.056227838498187",1.0000000000000007,0.4063468379225625,0.6175351806363377,0.34656935664714283,0.118,"1.056227838498187",1.0509237440724648,1.0519798133765983,"1.053038408049627","1.054099380450336","1.055162577094311","1.056227838498187","1.0572949990199345","1.0583638866950849","1.0594343230687668"
0.27875,1,2,"1.0565351903271691",1.0000000000000007,0.4062637428187025,0.6301035088711592,0.3955423003498431,0.118,"1.0565351903271691",1.051164835776206,1.0522332106401553,"1.0533045702540262","1.0543787806246818","1.055455702320562","1.0565351903271691","1.0576170938989218","1.0587012564072504","1.0597875151848497"
0.28125,1,2,"1.0568025914246044",1.0000000000000004,0.4059794477195363,0.6419872903745577,0.44209872845857356,0.118,"1.0568025914246044",1.0513713446390642,1.052450997199714,"1.053534071687558","1.0546204471139544","1.0557099974363937","1.0568025914246044","1.0578980925233146","1.0589963587115594","1.0600972423584456"
0.28375,1,2,"1.0570305544717113",1.0000000000000004,0.40549540299880865,0.6531986788207955,0.4862939096611576,0.118,"1.0570305544717113",1.051543693094851,1.0526336123545241,"1.0537273690861113","1.0548248546823185","1.0559259558470868","1.0570305544717113","1.0581385275078838","1.0592497468375714","1.0603640791396491"
0.28625,1,2,"1.0572195711306394",1.0000000000000007,0.40481295437467435,0.663749505444897,0.528181852071078,0.118,"1.0572195711306394",1.0516822855282006,1.052781476791287,"1.0538848999949122","1.054992458309882","1.0561040505646018","1.0572195711306394","1.0583389098054705","1.0594619516923003","1.0605885770769354"
0.28875,1,2,"1.0573701126551378",1.0000000000000007,0.40393334514977647,0.6736512926591878,0.5678153549143555,0.118,"1.0573701126551378",1.0517875087883783,1.0528949931162208,"1.0540070833194144","1.055123693762942","1.0562447347977337","1.0573701126551378","1.058499729338773","1.0596334825137295","1.0607712653930739"
0.29124999999999995,1,2,"1.0574826304696807",1.0000000000000009,0.402857718288533,0.6829152671906153,0.6052460584072225,0.118,"1.0574826304696807",1.0518597326758512,1.0529745463590996,"1.0540943198472796","1.0552189781344428","1.0563484425116316","1.0574826304696807","1.0586214555996734","1.0597648274909641","1.0609126516267045"
0.29374999999999996,1,2,"1.0575575567184987",1.0000000000000004,0.40158711833788063,0.6915523727695037,0.6405244919218142,0.118,"1.0575575567184987",1.0518993104028282,1.0530205044504468,"1.0541469927427445","1.0552787103560555","1.0564155889580678","1.0575575567184987","1.0587045382176052","1.0598564543524898","1.0610132222411366"
0.29624999999999996,1,2,"1.057595304785863",1.0000000000000002,0.40012249319726395,0.699573282398902,0.6737001205318814,0.118,"1.057595304785863",1.051906579028921,1.0530332186731381,"1.0541654680146437","1.0553032716830688","1.056446571177771","1.057595304785863","1.0587494074983146","1.05990881092402","1.0610734432018205"
0.29874999999999996,1,2,"1.0575962697888512",1.0000000000000004,0.3984646957432301,0.7069884102327627,0.7048213900268148,0.118,"1.0575962697888512",1.0518818598730226,1.0530130240894904,"1.0541500949591618","1.0552930261533415","1.0564417684760183","1.0575962697888512","1.0587564749343428","1.0599223256572141","1.0610937605238981"
0.30124999999999996,1,2,"1.0575608290437912",1.0000000000000004,0.3966144853134344,0.7138079230894767,0.7339357704769559,0.118,"1.0575608290437912",1.0518254589023754,1.0529602399448774,"1.0541012065784734","1.0552483210213661","1.056401542872656","1.0575608290437912","1.0587261336884086","1.0598974081305366","1.0610746007910794"
0.30374999999999996,1,2,"1.0574893425074687",1.0000000000000007,0.39457252905447426,0.7200417516264924,0.7610897984303728,0.118,"1.0574893425074687",1.0517376670997785,1.05287517004886,"1.054019119976181","1.0551694871685233","1.056326239527576","1.0574893425074687","1.0586587590508418","1.0598344495234224","1.0610163716470673"
0.30624999999999997,1,2,"1.0573821531941385",1.0000000000000002,0.3923394031376407,0.7256996012008874,0.7863291178171917,0.118,"1.0573821531941385",1.0516187608098413,1.052758103134697,"1.0539041367305528","1.055056839490432","1.0562161871426712","1.0573821531941385","1.0585547088721126","1.0597338230648343","1.0609194622606553"
0.30874999999999997,1,2,"1.0572395875692673",1.0000000000000004,0.3899155938460696,0.7307909624392306,0.8096985196334614,0.118,"1.0572395875692673",1.0514690020650252,1.0526093131981091,"1.0537565432463785","1.054910677262341","1.056071698341183","1.0572395875692673","1.0584143239714556","1.0595958844572266","1.060784243765536"
0.31124999999999997,1,2,"1.0570619559209287",1.0000000000000004,0.38730149853670137,0.7353251215402431,0.8312419804750938,0.118,"1.0570619559209287",1.0512886388923046,1.0524290598160693,"1.053576611086288","1.0547312844833887","1.0558930700253044","1.0570619559209287","1.058237928522497","1.0594209722768873","1.0606110696758158"
0.31375,1,2,"1.0568495527096708",1.0000000000000007,0.38449742647982227,0.7393111703319907,0.8510026999871209,0.118,"1.0568495527096708",1.0510779056011164,1.052217588446335,"1.0533645972822772","1.0545189302004845","1.0556805837128496","1.0568495527096708","1.058025830416745","1.0592094083515005","1.0604002762781428"
0.31625,1,2,"1.0566026568976237",1.0000000000000002,0.38150359957876173,0.7427580161054725,0.8690231372926325,0.118,"1.0566026568976237",1.0508370230532276,1.0519751307084295,"1.053120744628119","1.0542738688125601","1.0554345058537264","1.0566026568976237","1.0577783216057708","1.058961498115821","1.0601521830013014"
0.31875,1,2,"1.0563215322575823",1.0000000000000007,0.3783201529720052,0.7456743912455553,0.8853450464620983,0.118,"1.0563215322575823",1.0505661989151982,1.0517019046466625,"1.0528452819533414","1.0539963403558654","1.0551550881269285","1.0563215322575823","1.0574956784227778","1.0586775309461616","1.059867092764079"
0.32125,1,2,"1.0560064276627126",1.0000000000000002,0.3749471355195393,0.7480688626797126,0.9000095110816084,0.118,"1.0560064276627126",1.0502656278939042,1.0513981149757907,"1.0525384243793507","1.053686570770908","1.0548425677186706","1.0560064276627126","1.0571781618842815","1.0583577804744626","1.0595452923021256"
0.32375,1,2,"1.0556575773575123",1.0000000000000004,0.3713845101750952,0.749949841164789,0.9130569779763051,0.118,"1.0556575773575123",1.0499354919557295,1.051063953309854,"1.052200373558267","1.053344772151635","1.054497167582271","1.0556575773575123","1.0568260179725357","1.0580025048825743","1.0591870524745144"
0.32625,1,2,"1.0552752012106064",1.0000000000000002,0.36763215424546125,0.7513255904313798,0.9245272901427178,0.118,"1.0552752012106064",1.0495759605298407,1.0506995983746843,"1.051831317894975","1.052971142977377","1.0541190966803324","1.0552752012106064","1.0564394778993016","1.0576119471773724","1.0587926285506128"
0.32875,1,2,"1.0548595049498612",1.0000000000000004,0.363689859537971,0.752204236205601,0.9344597189428535,0.118,"1.0548595049498612",1.0491871906959764,1.0503052162045077,"1.0514314327528653","1.0525658683280326","1.0537085502097352","1.0548595049498612","1.056018758351458","1.0571863354472835","1.058362260477878"
0.33125,1,2,"1.054410680380355",1.0000000000000002,0.35955733239670945,0.7525937751271622,0.9428929956091311,0.118,"1.054410680380355",1.0487693273572156,1.0498809603231045,"1.0510008806436886","1.052129120082976","1.0532657098098877","1.054410680380355","1.055564061719049","1.0567258831007096","1.0578961731310876"
0.33375,1,2,"1.0539289055856018",1.0000000000000007,0.3552341936279555,0.7525020835832629,0.949865342109548,0.118,"1.0539289055856018",1.0483225033979846,1.0494269719098355,"1.0505398114019284","1.051661057104038","1.0527907437546706","1.0539289055856018","1.0550755763061153","1.056230789086881","1.0573945765435284"
0.33625,1,2,"1.053414345112452",1.0000000000000004,0.35071997831488616,0.7519369264771845,0.9554145014192957,0.118,"1.053414345112452",1.0478468398277092,1.0489433799509496,"1.0500483623440164","1.051161825402977","1.052283807128458","1.053414345112452","1.0545534765248123","1.0557012380995099","1.0568576661205682"
0.33875,1,2,"1.0528671501400089",1.0000000000000002,0.3460141355213903,0.7509059659507622,0.9595777672442631,0.118,"1.0528671501400089",1.0473424459103513,1.0484303013763927,"1.0495266584127367","1.0506315582937362","1.0517450419865586","1.0528671501400089","1.0539979230731524","1.0551374007636805","1.0562856228360502"
0.34125,1,2,"1.0522874586329252",1.0000000000000002,0.3411160278845285,0.7494167700799379,0.9623920132404021,0.118,"1.0522874586329252",1.0468094192801138,1.0478878411824544,"1.0489748123070781","1.050070376529828","1.0511745775003796","1.0522874586329252","1.0534090630967063","1.054539433806322","1.055678613411846"
0.34375,1,2,"1.0516753954793097",1.0000000000000007,0.33602493109488507,0.7474768215626995,0.9638937217712539,0.118,"1.0516753954793097",1.0462478460435152,1.0473160925404577,"1.0483929245978032","1.0494783884270342","1.0505725300875959","1.0516753954793097","1.0527870303345936","1.0539074802105641","1.0550367904809383"
0.34625,1,2,"1.0510310726135492",1.0000000000000007,0.33074003326373586,0.7450935264189973,0.9641190122451151,0.118,"1.0510310726135492",1.0456578008680344,1.0467151368916734,"1.047781083828923","1.0488556899717143","1.049939003527577","1.0510310726135492","1.0521319452499973","1.053241669354272","1.0543602927342766"
0.34875,1,2,"1.0503545891242323",0.9999999999999999,0.32526043417575806,0.742274222722477,0.963103669072022,0.118,"1.0503545891242323",1.045039347057491,1.046085044028675,"1.0471393666052606","1.0482023649148902","1.049274089062222","1.0503545891242323","1.0514439151454391","1.0525421171329985","1.053649245051727"
0.35125,1,2,"1.0496460313473504",1.0000000000000004,0.31958514442555064,0.7390261893843051,0.9608831692794512,0.118,"1.0496460313473504",1.0443925366142668,1.04542587216323,"1.0464678376662961","1.0475184848522485","1.048577865482441","1.0496460313473504","1.0507230342630351","1.0518089260675474","1.0529037586172567"
0.35374999999999995,1,2,"1.0489054729449563",1.0000000000000002,0.3137130844361209,0.7353566550097722,0.9574927098251282,0.118,"1.0489054729449563",1.0437174102884943,1.0447376679808622,"1.045766549946333","1.0468041092902152","1.047850399200388","1.0489054729449563","1.0499693838698454","1.0510421853963445","1.052123931018621"
0.35624999999999996,1,2,"1.0481329749693744",1.0000000000000009,0.3076430833569972,0.731272806848912,0.9529672346438958,0.118,"1.0481329749693744",1.0430139976142563,1.0440204666821482,"1.045035544621142","1.0460592856981812","1.0470917443075227","1.0481329749693744","1.0491830323284843","1.0502419711527284","1.051309846331626"
0.35874999999999996,1,2,"1.047328585913024",1.0000000000000007,0.30137387783942976,0.726781799863004,0.9473414614650623,0.118,"1.047328585913024",1.0422823169328468,1.0432742920107865,"1.04427485114109","1.0452840495469444","1.0463019426186317","1.047328585913024","1.0483640351530727","1.0494083462272763","1.0504615751891346"
0.36124999999999996,1,2,"1.0464923417439647",1.0000000000000007,0.2949041106857542,0.7218907659296238,0.9406499084358511,0.118,"1.0464923417439647",1.041522375403088,1.0424991562684682,"1.0434844872508025","1.0444784243334075","1.0454810237018073","1.0464923417439647","1.0475124350505585","1.0485413604152334","1.0495791748348655"
0.36374999999999996,1,2,"1.045624265927105",1.0000000000000007,0.28823232936963716,0.7166068232095006,0.9329269205853609,0.118,"1.045624265927105",1.0407341689986982,1.0416950603165336,"1.0426644589953258","1.0436424215915074","1.0446290048943945","1.045624265927105","1.0466282619474891","1.0476410504490796","1.0486626891620419"
0.36624999999999996,1,2,"1.0447243694311155",1.0000000000000007,0.2813569844236288,0.710937085699728,0.9242066961636007,0.118,"1.0447243694311155",1.0399176824926304,1.0408619935643415,"1.0418147607127926","1.042776040889373","1.0437458913049014","1.0447243694311155","1.0457115330021751","1.0467074400162155","1.047712148736887"
0.36874999999999997,1,2,"1.0437926507209632",1.0000000000000009,0.27427642768997046,0.7048886729984791,0.9145233128884374,0.118,"1.0437926507209632",1.039072889428317,1.0399999339443033,"1.0409353750134478","1.0418792698126225","1.0428316758007896","1.0437926507209632","1.0447622526022329","1.0457405397617805","1.0467275708069672"
0.37124999999999997,1,2,"1.0428290957360051",1.0000000000000009,0.2669889104303116,0.6984687203079131,0.9039107541335846,0.118,"1.0428290957360051",1.0381997520776802,1.039108847873452,"1.0400262727450023","1.0409520839337119","1.0418863389820605","1.0428290957360051","1.043780412347403","1.044740347276466","1.045708959294274"
0.37374999999999997,1,2,"1.041833677853485",1.0000000000000004,0.2594925812895071,0.6916843887029218,0.8924029350894713,0.118,"1.041833677853485",1.0372982213858142,1.0381886902014013,"1.0390874129441228","1.039994446767195","1.040909849140537","1.041833677853485","1.0427659910175595","1.0437068470692845","1.044656304773016"
0.37625,1,2,"1.0408063578373223",1.0000000000000007,0.25178548410829077,0.6845428756949793,0.8800337289285478,0.118,"1.0408063578373223",1.0363682369020581,1.0372394041445248,"1.0381187427739167","1.039006309710739","1.0399021622046216","1.0408063578373223","1.0417189545257581","1.0426400105250995","1.043569584431904"
0.37875,1,2,"1.0397470837719827",1.0000000000000007,0.24386555557909487,0.6770514261217635,0.8668369930059147,0.118,"1.0397470837719827",1.0354097266973445,1.0362609212061404,"1.037120197447185","1.037987611971672","1.0388632216693996","1.0397470837719827","1.0406392558560933","1.0415397958467851","1.04244876202084"
0.38125,1,2,"1.038655790981184",1.0000000000000009,0.23573062273889478,0.6692173433950395,0.8528465951255328,0.118,"1.038655790981184",1.0344226072675151,1.035253161082463,"1.03609170013522","1.036938280478862","1.0377929585118106","1.038655790981184","1.0395268349862232","1.0404061479817621","1.0412937877817436"
0.38375,1,2,"1.037532401931209",1.0000000000000007,0.22737840029233292,0.6610480011409736,0.8380964399015335,0.118,"1.037532401931209",1.0334067834223233,1.0342160315540052,"1.03503316186184","1.035858229779609","1.0366912910906245","1.037532401931209","1.0383816187942307","1.039238998532679","1.040104598363296"
0.38625,1,2,"1.0363768261184936",1.0000000000000009,0.21880648775796951,0.6525508552693532,0.8226204952438134,0.118,"1.0363768261184936",1.0323621481598249,1.0331494283621472,"1.033944481382375","1.0347473619212544","1.0355581250309331","1.0363768261184936","1.0372035209495547","1.0380382656519265","1.0388811167193017"
0.38875,1,2,"1.035188959941136",1.0000000000000009,0.21001236642979662,0.6437334565101209,0.8064528189959794,0.118,"1.035188959941136",1.0312885825257303,1.0320532350705038,"1.0328255450472206","1.0336055663171746","1.034393353092783","1.035188959941136","1.0359924417876396","1.0368038539196733","1.0376232519903394"
0.39125,1,2,"1.0339686865539923",1.0000000000000004,0.20099339614563871,0.6346034634582999,0.7896275857532917,0.118,"1.0339686865539923",1.0301859554574153,1.0309273229106626,"1.0316762266495674","1.032432719596719","1.0331968550235642","1.0339686865539923","1.0347482681679274","1.0355356542050138","1.0363308993683233"
0.39375,1,2,"1.0327158757068347",1.0000000000000009,0.19174681185336823,0.6251686561709838,0.7721791138873538,0.118,"1.0327158757068347",1.0290541236120294,1.0297715506118668,"1.0304963872568744","1.031228685438674","1.0319684973937233","1.0327158757068347","1.0334708733147602","1.0342335435098184","1.035003939943566"
0.39625,1,2,"1.0314303835651761",1.0000000000000009,0.1822697199651416,0.6154369503629016,0.7541418928032821,0.118,"1.0314303835651761",1.027892931178297,1.0285857642141607,"1.0292858750255722","1.0299933143878015","1.0307081334152999","1.0314303835651761","1.0321601166406862","1.0328973847948149","1.0336422405338663"
0.39875,1,2,"1.0301120525131917",1.0000000000000004,0.1725590944892105,0.605416412250424,0.7355506104542952,0.118,"1.0301120525131917",1.0267022096714038,1.0273697968644262,"1.028044524998481","1.0287264436538244","1.0294156027427925","1.0301120525131917","1.030815843551706","1.0315270267873748","1.032245653495094"
0.40125,1,2,"1.028760710938156",1.0000000000000004,0.16261177292790532,0.5951152740971333,0.7164401811372428,0.118,"1.028760710938156",1.025481777710455,1.0261234685947673,"1.0267721588843532","1.0274278968923796","1.028090731255705","1.028760710938156","1.0294378852338246","1.0301223037704308","1.0308140165127238"
0.40375,1,2,"1.0273761729957596",1.0000000000000004,0.1524244519297074,0.5845419505181143,0.6968457735916564,0.118,"1.0273761729957596",1.0242314407777773,1.0248465860825557,"1.0254685848188834","1.026097483967226","1.0267333308222093","1.0273761729957596","1.0280260584202816","1.0286830353518868","1.0293471523736684"
0.40625,1,2,"1.02595823835564",1.0000000000000004,0.1419936826822568,0.5737050556040604,0.6768028394230496,0.118,"1.02595823835564",1.0229509909594194,1.0235389423914574,"1.0241335971064993","1.0247350006930367","1.025343199043174","1.02595823835564","1.0265801651388198","1.0272090262138511","1.027844868717744"
0.40875,1,2,"1.0245066919263166",1.0000000000000004,0.13131586603224607,0.5626134209309809,0.6563471418698625,0.118,"1.0245066919263166",1.0216402066660932,1.0222003166926907,"1.0227669759421891","1.0233402285580186","1.023920118975824","1.0245066919263166","1.0250999924381607","1.0257000658409205","1.0263069577680108"
0.41125,1,2,"1.0230213035587747",1.0000000000000007,0.12038724731704262,0.5512761145261132,0.6355147849311851,0.118,"1.0230213035587747",1.0202988523337009,1.020830473965679,"1.0213684871124946","1.0219129344255236","1.02246385883621","1.0230213035587747","1.0235853120929426","1.0241559282267187","1.0247331960391828"
0.41375,1,2,"1.0215018277277628",1.0000000000000007,0.1092039108917277,0.5397024608661616,0.6143422428703864,0.118,"1.0215018277277628",1.018926678102583,1.0194291646772096,"1.0199378816748532","1.0204528702137803","1.0209741716795946","1.0215018277277628","1.0220358802861835","1.0225763715577962","1.0231233440232024"
0.41625,1,2,"1.0199480031898431",1.0000000000000007,0.09776177433403534,0.52790206198985,0.5928663901070639,0.118,"1.0199480031898431",1.0175234194745342,1.017996124438149,"1.0184748956142409","1.0189597725527666","1.0194507950577925","1.0199480031898431","1.0204514372683204","1.020961137873913","1.0214771458510694"
0.41874999999999996,1,2,"1.0183595526171898",1.0000000000000002,0.08605658230828789,0.5158848198132171,0.5711245315067678,0.118,"1.0183595526171898",1.016088796946504,1.0165310736366473,"1.0169792494761487","1.0174333624171812","1.0178934506524107","1.0183595526171898","1.0188317069918045","1.0193099527037124","1.019794328929827"
0.42124999999999996,1,2,"1.0167361822059602",1.0000000000000004,0.07408390006802175,0.503660959743261,0.5491544330745346,0.118,"1.0167361822059602",1.014622515619925,1.0150337170467374,"1.015450647974732","1.0158733447344068","1.0163018438828904","1.0167361822059602","1.0171763967201053","1.0176225246746051","1.0180746035536425"
0.42374999999999996,1,2,"1.0150775812580615",1.0000000000000002,0.061839106575384904,0.49124105569315957,0.5269943530541862,0.118,"1.0150775812580615",1.0131242647843983,1.0135037434111023,"1.013888779574889","1.0142794079662114","1.0146756634881078","1.0150775812580615","1.0154851966098999","1.0158985450956943","1.0163176624877"
0.42624999999999996,1,2,"1.013383421734968",1.0000000000000007,0.04931738721372375,0.4786360566109533,0.5046830734308904,0.118,"1.013383421734968",1.011593717474462,1.0119408249966848,"1.012293316047038","1.0126512236629208","1.0130145810802107","1.013383421734968","1.0137577792651595","1.0141376875123942","1.014523180523689"
0.42874999999999996,1,2,"1.0116533577822107",1.0000000000000002,0.03651372606792138,0.4658573146427647,0.4822599318290148,0.118,"1.0116533577822107",1.010030529998039,1.0103446171217745,"1.0106639119930938","1.0109884459886092","1.0113182506693301","1.0116533577822107","1.01199379926171","1.0123396072313553","1.012690814005355"
0.43124999999999997,1,2,"1.009887025222951",1.0000000000000009,0.023422897745028405,0.45291661506192316,0.4597648537912475,0.118,"1.009887025222951",1.0084343414350152,1.0087147576529956,"1.0090002043421686","1.0092907112157965","1.0095863081575571","1.009887025222951","1.0101928926406942","1.0105039408141392","1.0108202003227054"
0.43374999999999997,1,2,"1.0080840410190381",1.0000000000000002,0.010039458705596497,0.43982620810659295,0.43723838541785726,0.118,"1.0080840410190381",1.006804773104348,1.0070508664705822,"1.007301811814341","1.0075576371880046","1.0078183708006025","1.0080840410190381","1.0083546763693598","1.00863030553801","1.0089109573731183"
0.43624999999999997,1,2,"1.0062440026977535",1.0000000000000009,-0.003642261926285923,0.4265988428808525,0.4147217263368207,0.118,"1.0062440026977535",1.0051414279979098,1.0053525449001774,"1.005568334350692","1.0057888227483847","1.0060140366353116","1.0062440026977535","1.0064787477673147","1.0067182988220602","1.0069626829876326"
0.43875,1,2,"1.0043664877423013",1.0000000000000004,-0.01762817210880946,0.4132478034877045,0.3922567629660587,0.118,"1.0043664877423013",1.0034438901791554,1.0036193751092162,"1.0037993525077493","1.0039838471325007","1.0041728838711599","1.0043664877423013","1.0045646838963798","1.0047674976167134","1.00497495432047"
0.44125,1,2,"1.0024510529439823",1.0000000000000004,-0.03192442722147337,0.39978694757754274,0.36988610201826566,0.118,"1.0024510529439823",1.0017117241445939,1.0018509194658438,"1.0019944268141936","1.002142269323208","1.0022944702435785","1.0024510529439823","1.0026120409119195","1.0027774577545898","1.0029473271997338"
0.44375,1,2,"1.00049723371382",1.0000000000000004,-0.046537441037766386,0.38623074751196096,0.3476531041862284,0.118,"1.00049723371382",0.9999444741458019,1.0000467198581509,"1.000153097087677","1.0002636273653593","1.0003783323269746","1.00049723371382","1.0006203533734497","1.0007477132604148","1.000879335437011"
0.44625,1,2,"0.9985045433511953",1.0000000000000004,-0.061473897375283464,0.37259433436104944,0.32560191793217463,0.118,"0.9985045433511953",0.9981416634696,0.9982062969713067,"0.998274881709255","0.9983474376379675","0.998423984804924","0.9985045433511953","0.9985891335120537","0.9986777756176198","0.9987704900934867"
0.44875,1,2,"0.9964724722668752",1.0000000000000007,-0.076740762470704,0.3588935449723165,0.30377751328809205,0.118,"0.9964724722668752",0.9963027936737874,0.9963291495199972,"0.996359276852932","0.9963931940811734","0.9964309196949958","0.9964724722668752","0.9965178704520352","0.9965671329889532","0.996620278699917"
0.00125,1,0.5,"-0.0011135116210910366",1.0000000000000007,-14.541321794080126,3.8424645626625096,231.47039182199433,0.118,"-0.0011135116210910366",-0.003685514729170657,-0.003403326869925252,"-0.0029106788182036293","-0.002307129456374708","-0.0016830762211061969","-0.0011135116210910366","-0.0006517062652379749","-0.00032403560614693237","-0.0001279311554390544"
0.00375,1,0.5,"-0.00017962557882019277",1.0000000000000009,-9.519356997277157,-16.455324751820097,48.009566192472086,0.118,"-0.00017962557882019277",0.0278368851553119,0.020580430893358863,"0.014155571382908459","0.008560938028823116","0.003788017430584047","-0.00017962557882019277","-0.0033670804711542057","-0.005808737250545923","-0.007548792603391175"
0.00625,1,0.5,"0.03803880365676281",1.0000000000000004,-7.5332042999927,-18.947846442529976,0.15572845308497796,0.118,"0.03803880365676281",0.09105128232612726,0.07913392876443832,"0.06784609916204065","0.0572166437417202","0.047272619562241276","0.03803880365676281","0.02953715665099095","0.021786237485807367","0.01480057163063509"
0.008749999999999999,1,0.5,"0.08883820208032364",1.000000000000001,-6.345955853227531,-18.9910730302903,-19.832400893265717,0.118,"0.08883820208032364",0.154935766012048,0.14081675621258558,"0.1271163725207103","0.11386568779660308","0.1010959180748406","0.08883820208032364","0.07712334703655294","0.06598153807201244","0.05544200866684345"
0.01125,1,0.5,"0.1409722184485888",1.0000000000000007,-5.521882297396527,-18.399878520850287,-29.612958592253435,0.118,"0.1409722184485888",0.21351268637106272,0.1984271381001556,"0.18360256724667043","0.16906634083920138","0.15484660986394366","0.1409722184485888","0.12747259352184204","0.11437761278487782","0.1017174487219568"
0.01375,1,0.5,"0.19077197653663538",1.0000000000000004,-4.902366618450889,-17.626879963267438,-34.67972238903969,0.118,"0.19077197653663538",0.26608864565118384,0.2506834708504756,"0.23542592988009017","0.22033883569852314","0.20544595446606312","0.19077197653663538","0.1763424763528793","0.1621838597914926","0.14832329738659972"
0.01625,1,0.5,"0.23715303512605265",1.0000000000000007,-4.412704666620268,-16.819821491757253,-37.27344219150777,0.118,"0.23715303512605265",0.3131486354225769,0.2977792760088072,"0.28247590950240736","0.26725719007101956","0.2521427169535735","0.23715303512605265","0.2223096296866217","0.20763491301439616","0.19315220366345057"
0.018750000000000003,1,0.5,"0.2799537432860863",0.9999999999999994,-4.012090367418748,-16.03276741976186,-38.462815774680024,0.118,"0.2799537432860863",0.3553941330636249,0.34026160733243627,"0.32513572871237584","0.31003163643649867","0.29496534189262924","0.2799537432860863","0.2650146367995352","0.25016672363440773","0.23542961225159342"
0.02125,1,0.5,"0.3193464849239288",1.0000000000000007,-3.6759435195496386,-15.2855967190403,-38.81272977918554,0.118,"0.3193464849239288",0.39349500921408875,0.3787137740943519,"0.3638956678754692","0.34905293476938665","0.3341985988698693","0.3193464849239288","0.3045112372280124","0.2897083362452482","0.2749541124929697"
0.02375,1,0.5,"0.35561347489128964",1.0000000000000007,-3.388387092943664,-14.584421776216164,-38.64423824213425,0.118,"0.35561347489128964",0.4280317968928832,0.4136656400030068,"0.3992305047940783","0.38473627010036443","0.37019350164793247","0.35561347489128964","0.34100819694032913","0.32639042731070683","0.3117736971976207"
0.026250000000000002,1,0.5,"0.38905798568296285",1.0000000000000004,-3.1386127366760888,-13.929543172922143,-38.14983832941357,0.118,"0.38905798568296285",0.4594923251476471,0.44557441130539377,"0.4315637700112251","0.4174683491411009","0.40329669710649163","0.38905798568296285","0.3747620325048235","0.36041932304839824","0.34604103190301905"
0.02875,1,0.5,"0.41996951517157727",1.0000000000000009,-2.918954613595166,-13.318820574245134,-37.44971337181648,0.118,"0.41996951517157727",0.4882829841774831,0.47482755644664976,"0.46126186372900363","0.44759227416900776","0.43382567916824205","0.41996951517157727","0.4060317854610599","0.3920210818392714","0.377946606067196"
0.03125,1,0.5,"0.4486114242130285",1.0000000000000004,-2.72379358054747,-12.749179434519874,-36.62125881187863,0.118,"0.4486114242130285",0.5147423988143618,0.5017518552541069,"0.4886381849158861","0.47540645918950947","0.4620622048275994","0.4486114242130285","0.43506061583285455","0.4214167948801603","0.40768751389318625"
0.03375,1,0.5,"0.4752180945971523",1.0000000000000004,-2.548897694438312,-12.217302390044694,-35.71550725498991,0.118,"0.4752180945971523",0.5391538790071824,0.5266231764080525,"0.5139600437241043","0.5011684839086518","0.4882528961803061","0.4752180945971523","0.46206932694803615","0.44881229390919697","0.43545316840577514"
0.036250000000000004,1,0.5,"0.49999603395286435",1.0000000000000004,-2.391006716588916,-11.719945041539095,-34.766705217727605,0.118,"0.49999603395286435",0.5617558130664132,0.5496752700353991,"0.5374557269720904","0.525100303299524","0.5126124634939087","0.49999603395286435","0.4872552202366978","0.4743946246492146","0.4614192641182254"
0.03875,1,0.5,"0.5231264647338928",1.0000000000000004,-2.247560191290735,-11.25407261008919,-33.79811797979072,0.118,"0.5231264647338928",0.5827500620718008,0.5711071747834069,"0.5593208331526686","0.5473934235338707","0.5353276330314706","0.5231264647338928","0.5107932533423671","0.49833168117380977","0.4857457945121357"
0.04125,1,0.5,"0.5447683039967759",1.0000000000000002,-2.1165136745538913,-10.81690965989069,-32.825664546531605,0.118,"0.5447683039967759",0.6023086581800288,0.5910892917318953,"0.579723664157438","0.5682135518032693","0.556560993444622","0.5447683039967759","0.5328380886226796","0.5207732572243947","0.508577039302537"
0.043750000000000004,1,0.5,"0.5650610619397218",1.0000000000000007,-1.9962110708293164,-10.405947747738056,-31.86025753285396,0.118,"0.5650610619397218",0.6205791354747652,0.609768312008358,"0.5988097095553727","0.587704595623577","0.5764544669743101","0.5650610619397218","0.5535263731248762","0.5418526604882232","0.5300424647913891"
0.04625,1,0.5,"0.5841274733561154",1.0000000000000002,-1.8852938064414773,-10.018933378731791,-30.909345359916365,0.118,"0.5841274733561154",0.6376887811961285,0.6272712030042658,"0.6167053395168711","0.6059920329888915","0.5951323261695354","0.5841274733561154","0.5729789518142209","0.5616884735617224","0.5502579975122457"
0.04875,1,0.5,"0.6020758076446752",1,-1.7826348476283553,-9.653847580598432,-29.977949564993494,0.118,"0.6020758076446752",0.6537480410084792,0.6437084369332093,"0.6335208364192864","0.623185725854563","0.6127037671476914","0.6020758076446752","0.5913028903894079","0.5803862647284133","0.5693273972586032"
0.051250000000000004,1,0.5,"0.6190018616211337",1.0000000000000007,-1.6872898758033423,-9.308882809034293,-29.069374873894986,0.118,"0.6190018616211337",0.6688532619806756,0.6591766146004889,"0.649352884713851","0.6393822606943012","0.6292650847100705","0.6190018616211337","0.6085932681962494","0.5980401626520189","0.5873435945149259"
0.05375,1,0.5,"0.6349906633438135",1.0000000000000004,-1.5984605616785579,-8.98242000750812,-28.185702713840932,0.118,"0.6349906633438135",0.6830889157127911,0.6737606073848252,"0.6642866209629029","0.6546668952407411","0.6449015038696226","0.6349906633438135","0.624934741281727","0.614734265006","0.6043899304248561"
0.05625,1,0.5,"0.6501179227870892",1.0000000000000004,-1.515466531767199,-8.673007138488222,-27.328138753345105,0.118,"0.6501179227870892",0.6965294115698687,0.6875353148913951,"0.6783973278806379","0.6691151804537719","0.6596887208468227","0.6501179227870892","0.640402892936618","0.6305438786115918","0.6205412757809309"
0.058750000000000004,1,0.5,"0.6644512653417932",1.0000000000000004,-1.4377236852296291,-8.379339717215895,-26.49726043317047,0.118,"0.6644512653417932",0.7092405849446861,0.7005671150153127,"0.6917518401598465","0.6827943157389803","0.6736942009639899","0.6644512653417932","0.6550653953694361","0.6455366014822581","0.6358650252595625"
0.06125,1,0.5,"0.6780512811086556",1.0000000000000007,-1.364727220613287,-8.100243474905497,-25.693194980615235,0.118,"0.6780512811086556",0.7212809263343367,0.7129150667612173,"0.7044097164508711","0.695764285240668","0.6869782741362815","0.6780512811086556","0.6689830071191233","0.6597732623770725","0.6504219728342954"
0.06375,1,0.5,"0.6909724188629612",1.0000000000000002,-1.2960382039607992,-7.834659077965339,-24.915748475952174,0.118,"0.6909724188629612",0.7327026024231279,0.7246319133460398,"0.7164242209725645","0.708078814243103","0.6995950621313687","0.6909724188629612","0.6822104293422554","0.6733087347920564","0.6642670786102204"
0.06625,1,0.5,"0.7032637493792868",1.0000000000000004,-1.2312728331025393,-7.5816287387025,-24.164500056140678,0.118,"0.7032637493792868",0.7435523092231163,0.7357649231360975,"0.7278431495327728","0.7197861773978108","0.711593265956992","0.7032637493792868","0.6947970416689524","0.6861926417519886","0.6774501387611356"
0.06875,1,0.5,"0.7149696189376723",1.0000000000000004,-1.170093778234259,-7.340284519737243,-23.438871033003405,0.118,"0.7149696189376723",0.7538719887890369,0.7463565982113852,"0.7387095278294132","0.7309298845186676","0.7230168367715112","0.7149696189376723","0.7067875356379778","0.6984699663554571","0.6900163702079032"
0.07125000000000001,1,0.5,"0.7261302104388947",1,-1.112203138265932,-7.109838131056009,-22.738175796792557,0.118,"0.7261302104388947",0.7636994344564851,0.7564452743060986,"0.7490622044365501","0.7415492648523796","0.7339055495686817","0.7261302104388947","0.7182224611403384","0.7101815813215283","0.7020069209151825"
0.07375,1,0.5,"0.7367820266603589",1.0000000000000007,-1.0573366667873472,-6.889572029996101,-22.061659387926756,0.118,"0.7367820266603589",0.7730688044713373,0.7660656311514286,"0.7589363565525298","0.7516799668398659","0.7442954954722504","0.7367820266603589","0.7291386989686888","0.7213647090650022","0.713459315620961"
0.07625,1,0.5,"0.7469583077514911",0.9999999999999996,-1.0052590046173644,-6.678831652185378,-21.408525242206405,0.118,"0.7469583077514911",0.7820110599257856,0.7752491285410271,"0.7683639231557976","0.7613543872552819","0.7542195056797034","0.7469583077514911","0.7395698705333001","0.732053322220462","0.7244078456713717"
0.07875,1,0.5,"0.7566893930428831",1.0000000000000004,-0.9557597170470445,-6.47701862112337,-20.77795564923349,0.118,"0.7566893930428831",0.7905543398236544,0.7840243805189497,"0.7773739774852876","0.7706020410932837","0.763707517812756","0.7566893930428831","0.7495466940615532","0.7422784930972361","0.7348839105266702"
0.08125,1,0.5,"0.7660030355667612",1.0000000000000004,-0.9086499793642911,-6.2835848034037065,-20.169126779615866,0.118,"0.7660030355667612",0.7987242836638152,0.792417477776949,"0.7859930485848099","0.7794498815484168","0.7727868935720593","0.7660030355667612","0.7590972951223373","0.7520686992911186","0.7449163174864527"
0.08375,1,0.5,"0.7749246763013525",1.0000000000000004,-0.8637597884236605,-6.098027094453744,-19.58121964699451,0.118,"0.7749246763013525",0.8065443100041627,0.8004522665073149,"0.7942453999065148","0.7879225777937702","0.7814826950765156","0.7749246763013525","0.7682474780767451","0.7614500915975393","0.7545315452741599"
0.08625000000000001,1,0.5,"0.7834776840081252",1.0000000000000004,-0.820935603955381,-5.919882835667775,-19.01342801744519,0.118,"0.7834776840081252",0.8140358579353355,0.8081505904851712,"0.8021532715653328","0.7960427569404313","0.7898179260283167","0.7834776840081252","0.7770209640185163","0.7704467294487766","0.7637539763254287"
0.08875000000000001,1,0.5,"0.7916835655864786",1.0000000000000004,-0.7800383431596364,-5.748725777842772,-18.46496402141611,0.118,"0.7916835655864786",0.8212185971662735,0.8155325019708974,"0.8097370917028405","0.8038312154819465","0.7978137428304011","0.7916835655864786","0.7854395999005591","0.7790807883158466","0.7726061019362525"
0.09125,1,0.5,"0.7995621510891803",1.0000000000000004,-0.740941667458307,-5.58416251798139,-17.935062034497665,0.118,"0.7995621510891803",0.8281106114364771,0.822616446067587,"0.8170156614993532","0.8113071046493554","0.805489639950416","0.7995621510891803","0.7935235428197389","0.7873727428545595","0.7811087038349811"
0.09375,1,0.5,"0.8071317568946468",1.0000000000000007,-0.7035305122025597,-5.425829346969735,-17.422981253748954,0.118,"0.8071317568946468",0.8347285591714539,0.8294194223929802,"0.8240063176239214","0.8184880933831588","0.8128636131399956","0.8071317568946468","0.8012914228272178","0.7953415290172514","0.7892810152359522"
0.09625,1,0.5,"0.8144093299945326",1.0000000000000004,-0.6676998194837943,-5.273389454565917,-16.92800729248567,0.118,"0.8144093299945326",0.8410878146490088,0.8359571272930101,"0.8307250752988254","0.8253905120376847","0.8199523035522975","0.8144093299945326","0.8087604871256177","0.8030046878808182","0.7971408640004803"
0.09875,1,0.5,"0.821410575907603",1.0000000000000009,-0.633353441575983,-5.1265304457473135,-16.44945303874753,0.118,"0.821410575907603",0.8472025924142395,0.8422440793063496,"0.8371867546515743","0.8320294794459985","0.8267711253321636","0.821410575907603","0.815946728090515","0.8103784935443276","0.804704800162925"
0.10125,1,0.5,"0.8281500723572798",1.0000000000000007,-0.6004031884024897,-4.98496212894384,-15.986658964208948,0.118,"0.8281500723572798",0.8530860572464707,0.848293730163581,"0.8434050926120232","0.838419015570213","0.8333343788637894","0.8281500723572798","0.8228649971979953","0.8174780671137463","0.8119882097660417"
0.10375000000000001,1,0.5,"0.8346413705375083",1.0000000000000007,-0.5687679971097623,-4.848414542195947,-15.538993026095445,0.118,"0.8346413705375083",0.8587504216232967,0.8541185632528251,"0.849392842268109","0.8445721416269687","0.8396553515362272","0.8346413705375083","0.8295291066408067","0.8243174785072837","0.8190054166827957"
0.10625,1,0.5,"0.8408970855291286",1.0000000000000002,-0.5383732056027077,-4.716636187968399,-15.105850271093972,0.118,"0.8408970855291286",0.8642070323305758,0.8597301811921045,"0.8551618613077704","0.8505009692985942","0.8457464076154921","0.8408970855291286","0.8359519201634352","0.8309098375742116","0.8257697738741067"
0.10875,1,0.5,"0.8469289772079571",1.0000000000000007,-0.5091499149472449,-4.589392451345404,-14.686652224636475,0.118,"0.8469289772079571",0.869466447621084,0.8651393839058709,"0.8607231909359565","0.8562167804067683","0.8516190685843119","0.8469289772079571","0.8421454344332059","0.8372673758156908","0.8322937453376714"
0.11125,1,0.5,"0.85274802279923",1.0000000000000007,-0.4810344280266866,-4.4664641797395985,-14.280846129337831,0.118,"0.85274802279923",0.8745385061191793,0.8703562384002504,"0.8660871264557534","0.8617300982293917","0.8572840851187936","0.85274802279923","0.8481208520839641","0.8434015198223614","0.8385889798369057"
0.11375,1,0.5,"0.8583644820751181",1.0000000000000004,-0.4539677538661435,-4.347646405155797,-13.887904081317137,0.118,"0.8583644820751181",0.8794323884969582,0.8753901412613961,"0.8712632805347784","0.86705075147621","0.8627515017095128","0.8583644820751181","0.8538886474155147","0.8493229573952923","0.8446663773568314"
0.11625,1,0.5,"0.8637879560580103",1.0000000000000004,-0.42789516870413186,-4.232747192538465,-13.507322101547345,0.118,"0.8637879560580103",0.8841566728029251,0.8802498747581073,"0.876260640036374","0.8721879317991642","0.8680307147973868","0.8637879560580103","0.8594586256013947","0.8550416971903352","0.8505361491117869"
0.11875000000000001,1,0.5,"0.8690274399780519",1.0000000000000004,-0.40276582626433893,-4.1215865998627015,-13.138619170436206,0.118,"0.8690274399780519",0.8887193842024024,0.8849436573089561,"0.8810876171753464","0.8771502455952126","0.8731305251783852","0.8690274399780519","0.8648399761461095","0.8605671226175903","0.8562078718250686"
0.12125,1,0.5,"0.8740913711360841",1.0000000000000004,-0.37853241081862316,-4.01399573745861,-12.781336246935185,0.118,"0.8740913711360841",0.8931280397858772,0.8894791889716555,"0.8857520956563661","0.8819457607588005","0.8780591853319553","0.8740913711360841","0.8700413212376058","0.8659080406347015","0.8616905369103884"
0.12375,1,0.5,"0.8789876722396924",1.0000000000000007,-0.3551508275792808,-3.9098159156318752,-12.435035288126217,0.118,"0.8789876722396924",0.8973896890139919,0.8938636925253608,"0.8902614723666485","0.8865820489554614","0.8828244422433775","0.8789876722396924","0.8750707595589179","0.871072725992754","0.8669925951072956"
0.12625,1,0.5,"0.8837237907085879",1.0000000000000004,-0.3325799257499453,-3.808897870999662,-12.099298281098884,0.118,"0.8837237907085879",0.9015109502934733,0.8981039506422672,"0.8946226951206436","0.8910662239147619","0.8874335762177614","0.8837237907085879","0.8799359060526023","0.8760689614246728","0.8721219970554293"
0.12875,1,0.5,"0.8883067343839869",1.0000000000000007,-0.3107812502276063,-3.7111010631313026,-11.773726295728398,0.118,"0.8883067343839869",0.9054980441146153,0.9022063395814963,"0.8988422968912801","0.8954049761779465","0.8918934361211359","0.8883067343839869","0.8846439280709804","0.8809040742064388","0.8770862302342997"
0.13125,1,0.5,"0.8927431040235841",1.0000000000000004,-0.28971881850693143,-3.616293034097006,-11.45793856448853,0.118,"0.8927431040235841",0.909356823126565,0.9061768597837446,"0.902926426907969","0.8996046046816635","0.8962104714304507","0.8927431040235841","0.8892015782927772","0.8855849694699938","0.8818923526447869"
0.13375,1,0.5,"0.8970391229178903",1.0000000000000002,-0.2693589198094268,-3.524348824405345,-11.151571593522112,0.118,"0.8970391229178903",0.913092799479779,0.910021163698378,"0.9068808789549312","0.9036710455126071","0.9003907614280957","0.8970391229178903","0.8936152247414745","0.8901181606019555","0.8865470235646483"
0.13625,1,0.5,"0.9012006639239223",1,-0.24966993385973907,-3.4351504395736647,-10.854278307721257,0.118,"0.9012006639239223",0.9167111697248169,0.9137445811343891,"0.9107111171630035","0.9076098981276438","0.9044400418364783","0.9012006639239223","0.8978908782012908","0.8945097970234647","0.8910565316720809"
0.13875,1,0.5,"0.9052332741777699",1.0000000000000009,-0.23062216707126265,-3.3485863622397005,-10.56572723144167,0.118,"0.9052332741777699",0.9202168375217881,0.9173521423916614,"0.9144222995532644","0.911426449299242","0.9083637291534957","0.9052332741777699","0.9020342172925309","0.8987656896126097","0.8954268207980145"
0.14125000000000001,1,0.5,"0.9091421977175123",1.0000000000000007,-0.21218770419285854,-3.2645511053016185,-10.285601705617163,0.118,"0.9091421977175123",0.9236144343847151,0.9208485993988402,"0.9180192995605347","0.9151256950156946","0.9121669429196154","0.9091421977175123","0.9060506114381995","0.9028913340013438","0.8996635135386954"
0.14375000000000002,1,0.5,"0.9129323962217705",1.0000000000000004,-0.19434027371659138,-3.1829448020802196,-10.01359914139111,0.118,"0.9129323962217705",0.9269083386588608,0.9242384450578823,"0.9215067257384942","0.9187123605393938","0.915854526120927","0.9129323962217705","0.9099451419277272","0.9068919319530241","0.9037719329344526"
0.14625,1,0.5,"0.9166085680463151",1.0000000000000002,-0.17705512555883726,-3.103672829939875,-9.74943030989657,0.118,"0.9166085680463151",0.9301026929064713,0.9275259309724645,"0.924888939825295","0.9221909188033995","0.9194310639096661","0.9166085680463151","0.913722621260932","0.9107724110039949","0.9077571223982513"
0.14875,1,0.5,"0.9201751657210712",1.0000000000000009,-0.16030891971027472,-3.0266454641935203,-9.492818667459073,0.118,"0.9201751657210712",0.9332014198564291,0.9307150837175521,"0.928170073328496","0.9255656073065333","0.9229009008035703","0.9201751657210712","0.9173876109352473","0.9145374425328391","0.9116238640578004"
0.15125,1,0.5,"0.9236364120523112",1.0000000000000007,-0.1440796247079251,-2.9517775594585878,-9.243499715239356,0.118,"0.9236364120523112",0.9362082370561157,0.9338097197900103,"0.9313540427706567","0.9288404436496492","0.9262681565079044","0.9236364120523112","0.9209444378218333","0.918191458403383","0.9153766956577211"
0.15375,1,0.5,"0.9269963149593253",1.0000000000000004,-0.12834642491897638,-2.8789882559316644,-9.001220392153146,0.118,"0.9269963149593253",0.9391266703485627,0.9368134593648257,"0.9344445637215743","0.932019239840311","0.9295367404884698","0.9269963149593253","0.9243972092606266","0.9217386663122117","0.9190199261528897"
0.15625,1,0.5,"0.9302586811612761",1.0000000000000007,-0.11308963574439211,-2.808200708314348,-8.765738499784856,0.118,"0.9302586811612761",0.941960066284693,0.9397297389681742,"0.9374451637296745","0.935105615479571","0.932710365410369","0.9302586811612761","0.9277498269908268","0.925183063957781","0.9225576501105677"
0.15875,1,0.5,"0.9334271288178917",1.0000000000000007,-0.09829062595311462,-2.7393418353573313,-8.536822157939678,0.118,"0.9334271288178917",0.9447116035687761,0.9425618231667213,"0.9403591942531704","0.9381030099326014","0.9357925595452995","0.9334271288178917","0.9310060000212883","0.9285284521362778","0.9259937610269655"
0.16125,1,0.5,"0.9365050992170436",1,-0.083931746447303,-2.6723420881971007,-8.314249289440497,0.118,"0.9365050992170436",0.9473843036248952,0.945312815362189,"0.9431898416811468","0.9410146935743605","0.9387866782395178","0.9365050992170436","0.9341692565346081","0.9317784468586614","0.9293319636532351"
0.16375,1,0.5,"0.9394958675928609",1.0000000000000004,-0.06999626483720486,-2.6071352358430824,-8.097807132765759,0.118,"0.9394958675928609",0.9499810403631561,0.9479856677710442,"0.9459401375254733","0.9438437781922174","0.9416959145253047","0.9394958675928609","0.9372429549092931","0.9349364905739468","0.9325757854164596"
0.16625,1,0.5,"0.9424025531496342",1.0000000000000007,-0.056468305272624045,-2.543658166336274,-7.887291781134277,0.118,"0.9424025531496342",0.9525045492163352,0.9505831906609998,"0.9486129678562619","0.9465932266191414","0.9445233089504116","0.9424025531496342","0.9402302939360314","0.9380058625753381","0.9357285870128316"
0.16875,1,0.5,"0.9452281283594204",1.0000000000000007,-0.04333279303803488,-2.481850702245533,-7.682507746668488,0.118,"0.9452281283594204",0.9549574355105283,0.9531080609089028,"0.9512110820463023","0.9492658616637876","0.9472717586926271","0.9452281283594204","0.9431343222965896","0.9409896886584107","0.9387935722427329"
0.17125,1,0.5,"0.9479754275945935",1.0000000000000007,-0.030575403471032485,-2.4216554292967283,-7.4832675483038384,0.118,"0.9479754275945935",0.9573421822270634,0.9555628299381373,"0.9537371008834885","0.9518643743972718","0.9499440260200085","0.9479754275945935","0.9459579473672942","0.9438909500938389","0.9417737971507695"
0.17375000000000002,1,0.5,"0.9506471551507396",1.0000000000000007,-0.018182514810176204,-2.3630175370451085,-7.289391322155899,0.118,"0.9506471551507396",0.9596611572073258,0.9579499310880079,"0.9561935241044838","0.9543913318506602","0.9525427461515071","0.9506471551507396","0.9487039434030876","0.9467124919712715","0.944672178527829"
0.17625000000000002,1,0.5,"0.9532458927100503",1.0000000000000004,-0.0061411646193035435,-2.30588467060424,-7.10070645310655,0.118,"0.9532458927100503",0.961916619847142,0.9602716864625209,"0.9585827373977842","0.9568491841719923","0.955070434567513","0.9532458927100503","0.9513749591529032","0.9494570309655957","0.9474915018269573"
0.17875,1,0.5,"0.9557741062906315",1.0000000000000007,0.0055609905285654475,-2.2502067925369063,-6.917047226423268,0.118,"0.9557741062906315",0.9641107273229277,0.9625303133014773,"0.9609070189197311","0.9592402712871015","0.9575294938151591","0.9557741062906315","0.9539735249523399","0.9521271625721468","0.9502344285400195"
0.18125,1,0.5,"0.9582341527230039",1.0000000000000007,0.016935712392503608,-2.1959360540955553,-6.738254498279758,0.118,"0.9582341527230039",0.9662455403877939,0.9647279299127088,"0.9631685453630029","0.96156682910432","0.959922219849068","0.9582341527230039","0.9565020593354268","0.9547253678530783","0.9529035030778679"
0.18375,1,0.5,"0.9606282856912471",1.0000000000000007,0.027994215686579022,-2.143026675074249,-6.564175384102397,0.118,"0.9606282856912471",0.9683230287722938,0.9668665612007623,"0.9653693976134256","0.9638309952994807","0.9622508079445262","0.9606282856912471","0.9589628752034168","0.9572540197333536","0.9555011591928856"
0.18625,1,0.5,"0.9629586613728796",1.0000000000000009,0.03874720021559573,-2.0914348316000324,-6.3946629637207915,0.118,"0.9629586613728796",0.9703450762212876,0.9689481438240488,"0.9675115660276558","0.9660348147143294","0.9645173582166611","0.9629586613728796","0.9613581855851989","0.959715388881338","0.9580297259792926"
0.18875,1,0.5,"0.9652273437085578",1.0000000000000004,0.04920488073241191,-2.041118551251677,-6.229576002355909,0.118,"0.9652273437085578",0.9723134851955135,0.970974531009564,"0.9695969553614088","0.9681802443984708","0.9667238807762358","0.9652273437085578","0.9636901090207949","0.9621116492059081","0.9604914334835339"
0.19125,1,0.5,"0.9674363093298544",1.0000000000000002,0.05937701470564764,-1.9920376149474799,-6.068778686531894,0.118,"0.9674363093298544",0.9742299812639285,0.9729474970517513,"0.9716273893751839","0.9702691583222667","0.9688723005499503","0.9674363093298544","0.9659606745966546","0.9644448829991616","0.9628884179541952"
0.19375,1,0.5,"0.969587452171028",1.0000000000000004,0.06927292816866704,-1.9441534650921566,-5.912140374048371,0.118,"0.969587452171028",0.976096217210573,0.9748687415196556,"0.9736046151421518","0.9723033517857779","0.9709644617906815","0.969587452171028","0.9681718266590116","0.9667170857513621","0.9652227267584309"
0.19625,1,0.5,"0.9716825877883376",1.0000000000000007,0.07890153980483046,-1.8974291195168318,-5.759535357199966,0.118,"0.9716825877883376",0.9779137768775873,0.9767398931944546,"0.9755303070806213","0.9742845455465698","0.9730021323009478","0.9716825877883376","0.9703254292292433","0.9689301706624127","0.9674963229895228"
0.19875,1,0.5,"0.9737234574085728",1.0000000000000004,0.08827138340964148,-1.8518290907856496,-5.61084263847625,0.118,"0.9737234574085728",0.9796841787641941,0.9785625137575261,"0.9774060707316722","0.9762143896873041","0.97498700739082","0.9737234574085728","0.9724232701432138","0.9710859728721446","0.9697110897881789"
0.20125,1,0.5,"0.9757117317265446",1.0000000000000002,0.0973906288577305,-1.8073193104782306,-5.465945718020885,0.118,"0.9757117317265446",0.981408879399709,0.9803381012474962,"0.9792334463007125","0.9780944672422617","0.9769207135897565","0.9757117317265446","0.9744670649346738","0.9731862534298206","0.9718688343982501"
0.20375000000000001,1,0.5,"0.9776490144696961",1.0000000000000007,0.10626710169095407,-1.7638670580898361,-5.324732392170924,0.118,"0.9776490144696961",0.9830892765071708,0.9820680933031581,"0.981013911980203","0.9799262976002941","0.9788048121302269","0.9776490144696961","0.9764584604811669","0.9752327030215743","0.9739712919758804"
0.20625000000000002,1,0.5,"0.9795368457464846",1.0000000000000002,0.11490830143368824,-1.7214408942203223,-5.187094562438108,0.118,"0.9795368457464846",0.9847267119727409,0.9837538702077432,"0.9827488870692925","0.9817113397003073","0.9806408022194434","0.9795368457464846","0.9783990384293842","0.9772269454729948","0.9760201291695275"
0.20875000000000002,1,0.5,"0.9813767051938095",1.0000000000000004,0.12332141873200657,-1.6800105977498476,-5.052928054332268,0.118,"0.9813767051938095",0.9863224746348023,0.985396757748747,"0.9844397349048648","0.9834509950340137","0.9824301241142586","0.9813767051938095","0.9802903184154655","0.9791705410426256","0.9780169474869043"
0.21125,1,0.5,"0.983170014937557",1.0000000000000002,0.13151335140505813,-1.6395471067235,-4.92213244546292,0.118,"0.983170014937557",0.9878778029055388,0.986998029906333,"0.9860877656173146","0.9851466104695286","0.9841741620130308","0.983170014937557","0.9821337610946019","0.9810649895209381","0.9799632864636164"
0.21375,1,0.5,"0.9849181423791923",1.0000000000000004,0.1394907194893978,-1.6000224626890414,-4.794610902389629,0.118,"0.9849181423791923",0.9893938872367481,0.9885589113823489,"0.9876942387232412","0.9867994809082589","0.9858742467771531","0.9849181423791923","0.9839307709930708","0.9829117331481486","0.9818606266470608"
0.21625,1,0.5,"0.9866224028203154",1.0000000000000007,0.1472598793501479,-1.5614097582523152,-4.670270025723541,0.118,"0.9866224028203154",0.990871872440674,0.9900805799809408,"0.9892603655663676","0.9884108517865866","0.987531658493963","0.9866224028203154","0.9856826991948359","0.9847121593632345","0.9837103924081724"
0.21875,1,0.5,"0.9882840619361667",1.0000000000000004,0.15482693692671065,-1.5236830876329308,-4.5490197030127275,0.118,"0.9882840619361667",0.9923128598758278,0.9915641688509543,"0.9907873116170218","0.989981921432909","0.9891476288917983","0.9882840619361667","0.987390845873893","0.9864676033954957","0.9855139545925508"
0.22125,1,0.5,"0.9899043381082065",1.0000000000000004,0.1621977601750991,-1.4868175000197805,-4.430772968972671,0.118,"0.9899043381082065",0.9937179095069675,0.9930107685994867,"0.9922761986397496","0.9915138432898002","0.9907233436171515","0.9899043381082065","0.9890564626827018","0.9881793507091946","0.987272633021655"
0.22375,1,0.5,"0.9914844046251585",1.0000000000000009,0.1693779907639023,-1.4507889555411768,-4.315445872649361,0.118,"0.9914844046251585",0.9950880418476763,0.9944214292852274,"0.9937281067379049","0.9930077280103006","0.9922599443831233","0.9914844046251585","0.9906807550062048","0.9898486393109633","0.9889876988539564"
0.22625,1,0.5,"0.99302539176112",1.0000000000000009,0.1763730550762577,-1.4155742836783716,-4.202957351128053,0.118,"0.99302539176112",0.9964242397933792,0.9957971622995657,"0.9951440762833165","0.994464645436636","0.9937585309976196","0.99302539176112","0.9922648840902744","0.99147666192896","0.9906603768151627"
0.22875,1,0.5,"0.994528388738789",1.0000000000000009,0.18318817456597997,-1.3811511439640922,-4.09322910942369,0.118,"0.994528388738789",0.9977274503519853,0.9971389421428446,"0.9965251097386383","0.9958856264690779","0.9952201632791923","0.994528388738789","0.9938099690527341","0.9930645680720717","0.992291847305982"
0.23125,1,0.5,"0.9959944455851855",1.0000000000000009,0.18982837551225498,-1.3474979888193457,-3.986185506211385,0.118,"0.9959944455851855",0.9989985862788542,0.9984477081025859,"0.9978721733792794","0.9972716648320563","0.9966458628677293","0.9959944455851855","0.9953170887845051","0.9946134659768695","0.9938832483952501"
0.23375,1,0.5,"0.9974245748867435",1.0000000000000004,0.19629849821371198,-1.3145940283926165,-3.881753445075723,0.118,"0.9974245748867435",1.0002385276222356,0.999724365839995,"0.9991861989214219","0.9986237187441042","0.9980366149367861","0.9974245748867435","0.9967872837478613","0.9961244244494335","0.9954356777056836"
0.23625000000000002,1,0.5,"0.9988197534501216",1.0000000000000007,0.2026032056596041,-1.2824191972753662,-3.7798622709770195,0.118,"0.9988197534501216",1.0014481231849386,1.00096978889061,"1.00046808506207","0.9999427124977557","0.9993933698137245","0.9988197534501216","0.9982215576783138","0.997598474608663","0.9969501941989966"
0.23875000000000002,1,0.5,"1.0001809238746642",1.0000000000000004,0.20874699171289113,-1.2509541229768535,-3.680443671650822,0.118,"1.0001809238746642",1.0026281919075024,1.0021848200844958,"1.001718698936705","1.0012295379550573","1.0007170445135003","1.0001809238746642","0.9996208791961121","0.9990366115372189","0.9984278198666469"
0.24125,1,0.5,"1.0015089960419543",1.0000000000000004,0.2147341888373697,-1.2201800960496287,-3.583431583673915,0.118,"1.0015089960419543",1.0037795241778096,1.0033702728910316,"1.0029388774996706","1.0024850559639553","1.002008524191449","1.0015089960419543","1.000986183332985","1.000439795845796","0.9998695413319912"
0.24375,1,0.5,"1.0028048485276049",1.0000000000000007,0.22056897539857281,-1.1900790417646894,-3.4887621029457674,0.118,"1.0028048485276049",1.0049028830716906,1.0045269326929784,"1.0041294288320635","1.003710097700427","1.0032686635200416","1.0028048485276049","1.0023183729792886","1.0018089551560254","1.0012763113692995"
0.24625,1,0.5,"1.004069329939963",1.0000000000000009,0.22625538256597763,-1.1606334932423539,-3.396373399349519,0.118,"1.004069329939963",1.0059990055287984,1.0056555579941366,"1.005291133381606","1.004905465940928","1.0044982879942892","1.004069329939963","1.0036183202564268","1.003144985506938","1.0026490503446164"
0.24875,1,0.5,"1.0053032601901977",1.0000000000000002,0.2317973008419787,-1.131826565951488,-3.306205635370338,0.118,"1.0053032601901977",1.0070686034676475,1.0067568815646666,"1.0064247451385941","1.0060719362693462","1.0056981951700636","1.0053032601901977","1.0048868678190206","1.0044487526895929","1.0039886475831798"
0.25125,1,0.5,"1.0065074316978273",1.0000000000000004,0.2371984862412433,-1.1036419334955734,-3.2182008884621083,0.118,"1.0065074316978273",1.008112364843536,1.0078316115277943,"1.0075309927517677","1.0072102582224034","1.0068691558394094","1.0065074316978273","1.0061248300910326","1.0057210935141208","1.0052959626677314"
0.25375,1,0.5,"1.0076826105355363",1.0000000000000002,0.24246256614239653,-1.0760638046097806,-3.132303076965644,0.118,"1.0076826105355363",1.0091309546527434,1.0088804323914413,"1.0086105805877164","1.0083211563771892","1.0080119151465223","1.0076826105355363","1.0073329944397378","1.0069628170131963","1.0065718266718218"
0.25625,1,0.5,"1.0088295375168346",1.0000000000000009,0.24759304483232142,-1.0490769012983039,-3.0484578893930894,0.118,"1.0088295375168346",1.0101250158861963,1.0099040060280038,"1.0096641897371221","1.0094053313842026","1.0091271936479478","1.0088295375168346","1.008512122291197","1.0081747055856438","1.0078170433318578"
0.25875,1,0.5,"1.0099489292299024",1.0000000000000009,0.2525933087620119,-1.0226664380457986,-2.966612716903825,0.118,"1.0099489292299024",1.0110951704355664,1.0109029726053422,"1.0106924789709621","1.0104634609491014","1.010215688320214","1.0099489292299024","1.0096629501906147","1.0093575160836405","1.0090323901614762"
0.26125,1,0.5,"1.011041479020702",1.0000000000000004,0.25746663153152893,-0.9968181020413815,-2.886716588807452,0.118,"1.011041479020702",1.0120420199545752,1.0118779514718015,"1.011696085649588","1.011496200766152","1.011278073517945","1.011041479020702","1.0107861908107743","1.0105119808467744","1.0102186195115286"
0.26375,1,0.5,"1.0121078579282776",1.0000000000000007,0.262216178620407,-0.9715180343574618,-2.8087201109386397,0.118,"1.0121078579282776",1.0129661466780855,1.0128295419979385,"1.012675626587368","1.0125041854061125","1.0123150018853135","1.0121078579282776","1.0118825339114992","1.0116388086859718","1.0113764595787718"
0.26625,1,0.5,"1.013148715574949",1.0000000000000004,0.26684501187871557,-0.9467528120295828,-2.7325754067576966,0.118,"1.013148715574949",1.0138681142013986,1.0137583243773924,"1.013631698875451","1.0134880291611692","1.013327105223441","1.013148715574949","1.012952647252918","1.012738685820126","1.0125066153661586"
0.26875,1,0.5,"1.0141646810139364",1.0000000000000009,0.2713560937929619,-0.9225094309868547,-2.6582360610388283,0.118,"1.0141646810139364",1.0147484682220234,1.0146648603892374,"1.0145648806649914","1.0144483268493494","1.014314995316283","1.0141646810139364","1.013997177465123","1.0138122767680806","1.013609769597433"
0.27125,1,0.5,"1.0151563635367766",1.0000000000000004,0.2757522915400573,-0.8987752897857934,-2.5856570660160134,0.118,"1.0151563635367766",1.015607737245995,1.0155496941239737,"1.0154757319130894","1.0153856545806648","1.0152792647172697","1.0151563635367766","1.0150167508766534","1.0148602251984553","1.0146865835885543"
0.27375,1,0.5,"1.0161243534427888",1.0000000000000007,0.28003638084164717,-0.8755381741033778,-2.514794769863635,0.118,"1.0161243534427888",1.0164464332607617,1.0164133526751808,"1.0163647950934787","1.0163005704871222","1.0162204874988974","1.0161243534427888","1.016011974304076","1.0158831547396199","1.0157376980783492"
0.27625,1,0.5,"1.0170692227726137",1.0000000000000007,0.2842110496303258,-0.8527862419479372,-2.4456068273958627,0.118,"1.0170692227726137",1.0172650523764617,1.01725634679872,"1.0172325958739268","1.017193615418577","1.0171392199673062","1.0170692227726137","1.0169834358047858","1.0168816697519913","1.0167637340205737"
0.27875,1,0.5,"1.0179915260078458",1.0000000000000004,0.2882789015385069,-0.8305080095490053,-2.378052152875317,0.118,"1.0179915260078458",1.018064075437317,1.0180791715412771,"1.0180796437621638","1.018065313606308","1.0180360013437508","1.0179915260078458","1.0179317053950239","1.017856356064725","1.0177652933395127"
0.28125,1,0.5,"1.0188918007385346",1.0000000000000002,0.2922424592199486,-0.8086923378897284,-2.3120908748274687,0.118,"1.0188918007385346",1.01884396860481,1.0188823068399036,"1.0189064327220538","1.0189161732960477","1.0189113544147426","1.0188918007385346","1.0188573357349993","1.018807781678682","1.0187429596510493"
0.28375,1,0.5,"1.0197705683003007",1.0000000000000009,0.2961041675133615,-0.7873284198476783,-2.2476842927631013,0.118,"1.0197705683003007",1.019605183914101,1.0196662180941078,"1.0197134417615716","1.0197466873521155","1.019765786152555","1.0197705683003007","1.0197608627828512","1.0197364974374792","1.0196972989510351"
0.28625,1,0.5,"1.020628334382674",1.0000000000000004,0.29986639645688257,-0.766405767911867,-2.1847948357162412,0.118,"1.020628334382674",1.0203481598051813,1.020431356711984,"1.020501135494159","1.020557333834181","1.0205997883076678","1.020628334382674","1.0206428064191153","1.02064303766832","1.0206288602727267"
0.28875,1,0.5,"1.0214655896101688",1.0000000000000009,0.3035314441616388,-0.745914202445882,-2.1233860225102665,0.118,"1.0214655896101688",1.021073321630052,1.02117816063173,"1.021269964674782","1.0213485765481298","1.0214138379746056","1.0214655896101688","1.0215036710432468","1.0215279207941874","1.021538176314859"
0.29124999999999995,1,0.5,"1.02228281009752",1.0000000000000007,0.3071015395521158,-0.725843840468714,-2.063422423669421,0.118,"1.02228281009752",1.021781082137222,1.021907054819865,"1.0220203667120882","1.0221208655723477","1.0222083981326135","1.02228281009752","1.0223439461436425","1.0223916499188717","1.022425764041911"
0.29374999999999996,1,0.5,"1.023080457980412",1.0000000000000007,0.31057884498055954,-0.70618508492663,-2.0048696248975335,0.118,"1.023080457980412",1.022471841934703,1.0226184517473567,"1.0227527661578801","1.0228746377607467","1.0229839181624143","1.023080457980412","1.0231641068425585","1.0232347133862754","1.0232921252580003"
0.29624999999999996,1,0.5,"1.0238589819229809",1.0000000000000004,0.313965458722199,-0.6869286144309464,-1.947694192049793,0.118,"1.0238589819229809",1.0231459899325994,1.0233127518447973,"1.0234675751750548","1.0236103172236906","1.0237408343403294","1.0238589819229809","1.0239646144171834","1.0240575853152736","1.0241377471557318"
0.29874999999999996,1,0.5,"1.0246188176032525",1.0000000000000004,0.31726341735762115,-0.6680653734381106,-1.891863637527556,0.118,"1.0246188176032525",1.0238039037663578,1.0239903439377058,"1.0241651939851766","1.0243283157879854","1.024479570310896","1.0246188176032525","1.0247459167980995","1.0248607261113942","1.024963102841306"
0.30124999999999996,1,0.5,"1.0253603881776543",1.0000000000000007,0.32047469804831114,-0.6495865628497602,-1.8373463880296277,0.118,"1.0253603881776543",1.024445950201673,1.024651605662979,"1.0248460112966349","1.0250290334369832","1.02520053753907","1.0253603881776543","1.025508449046286","1.0256445829565004","1.0257686518370561"
0.30374999999999996,1,0.5,"1.0260841047256215",1.0000000000000004,0.3236012207109421,-0.631483631011822,-1.784111753597158,0.118,"1.0260841047256215",1.0250724855219364,1.0252969038674198,"1.0255104047144397","1.025712858731789","1.0259041357430594","1.0260841047256215","1.0262526338097062","1.0264095902775348","1.0265548405625522"
0.30624999999999997,1,0.5,"1.0267903666753502",1.0000000000000002,0.32664485009569405,-0.6137482650928444,-1.732129897892466,0.118,"1.0267903666753502",1.0256838558991577,1.0259265949892677,"1.0261587411325355","1.0263801692145478","1.0265907533087346","1.0267903666753502","1.0269788817605328","1.0271561701954186","1.027322102795341"
0.30874999999999997,1,0.5,"1.0274795622115482",1.0000000000000004,0.3296073977735652,-0.5963723828228873,-1.68137180965523,0.118,"1.0274795622115482",1.0262803977491428,1.0265410254235663,"1.0267913771095205","1.0270313317946722","1.027260767686551","1.0274795622115482","1.0276875920139512","1.0278847329550547","1.0280708601123265"
0.31124999999999997,1,0.5,"1.0281520686661436",1.0000000000000004,0.332490624037338,-0.5793481245753662,-1.6318092752823945,0.118,"1.0281520686661436",1.0268624380717304,1.0271405318721594,"1.0274086592285756","1.027666703118864","1.0279145457718255","1.0281520686661436","1.0283791525294401","1.028595677337358","1.0288015223127285"
0.31375,1,0.5,"1.0288082528927474",1.0000000000000007,0.33529623972058875,-0.5626678457752194,-1.5834148524809146,0.118,"1.0288082528927474",1.0274302947767993,1.0277254416790929,"1.0280109244423774","1.0282866299257296","1.0285524442691873","1.0288082528927474","1.0290539404953944","1.0292893910542136","1.029514487823517"
0.31625,1,0.5,"1.0294484716256431",1.0000000000000004,0.3380259079388883,-0.5463241096176836,-1.5361618449450465,0.118,"1.0294484716256431",1.0279842769967737,1.0282960731520938,"1.0285985004037588","1.028891449385715","1.0291748100419815","1.0294484716256431","1.0297123226979","1.029966251127158","1.030210144088181"
0.31875,1,0.5,"1.0300730718240951",1.0000000000000007,0.34068124575708114,-0.5303096800828246,-1.4900242780123276,0.118,"1.0300730718240951",1.0285246853862393,1.0288527358708508,"1.0291717057827439","1.0294814894270956","1.0297819804473227","1.0300730718240951","1.0303546558743883","1.030626624250584","1.030888867939614"
0.32125,1,0.5,"1.030682391002628",1.0000000000000002,0.3432638257863162,-0.5146175152318201,-1.4449768752547312,0.118,"1.030682391002628",1.029051812409319,1.029395730982675,"1.029730850570674","1.030057069048671","1.030374283657526","1.030682391002628","1.0309812870529553","1.0312708671401931","1.0315510259578726"
0.32375,1,0.5,"1.0312767575479607",1.0000000000000004,0.34577517771429983,-0.4992407607716953,-1.4009950359636547,0.118,"1.0312767575479607",1.0295659426153783,1.0299253514861948,"1.030276236371991","1.0306184986197957","1.0309520389685143","1.0312767575479607","1.0315925538779493","1.031899326867406","1.032196974813531"
0.32625,1,0.5,"1.0318564910232415",1.0000000000000004,0.3482167897720406,-0.4841727438759477,-1.358054813489408,0.118,"1.0318564910232415",1.0300673529036286,1.0304418825035981,"1.0308081566842873","1.031166080168361","1.0315155570958556","1.0318564910232415","1.0321887849225244","1.0325123411803763","1.0328270615973076"
0.32875,1,0.5,"1.0324219024601433",1.0000000000000007,0.35059011014016606,-0.4694069672492212,-1.3161328943979385,0.118,"1.0324219024601433",1.0305563127771185,1.0309456015420155,"1.0313268971671745","1.0317001076572685","1.032065140458989","1.0324219024601433","1.0327702999887602","1.033110238812251","1.0334416241365918"
0.33125,1,0.5,"1.032973294639404",1.0000000000000004,0.35289654829772793,-0.4549371034247113,-1.2752065784092361,0.118,"1.032973294639404",1.0310330845866467,1.031436778744494,"1.0318327359004598","1.0322208672499404","1.0326010834541863","1.032973294639404","1.0333374103958968","1.0336933397772416","1.0340409912994761"
0.33375,1,0.5,"1.0335109623603533",1.0000000000000009,0.35513747631625125,-0.4407569892837145,-1.2352537590837045,0.118,"1.0335109623603533",1.0314979237650328,1.0319156771310958,"1.0323259436321672","1.0327286375653948","1.0331236727167845","1.0335109623603533","1.0338904192572764","1.034261955655089","1.034625483286893"
0.33625,1,0.5,"1.0340351926999052",1.0000000000000004,0.35731423010162955,-0.4268606207871365,-1.1962529052243394,0.118,"1.0340351926999052",1.0319510790522202,1.0323825528305306,"1.0328067840168538","1.0332236899233211","1.0336331873731732","1.0340351926999052","1.0344296217464595","1.0348163898644456","1.035195411913362"
0.33875,1,0.5,"1.034546265261504",1.0000000000000007,0.3594281105863245,-0.4132421479094676,-1.1581830429642312,0.118,"1.034546265261504",1.032392792711592,1.0328376553028,"1.0332755138446352","1.0337062885796582","1.0341298992829875","1.034546265261504","1.034955305353051","1.0353569379256773","1.035751080876886"
0.34125,1,0.5,"1.0350444524144984",1.0000000000000004,0.3614803848741996,-0.3998958697660778,-1.1210237385102366,0.118,"1.0350444524144984",1.0328233007379357,1.0332812275532064,"1.033732383261404","1.034176690953059","1.0346140732719828","1.0350444524144984","1.035467750128669","1.0358838877135526","1.0362927860184903"
0.34375,1,0.5,"1.035530019524342",1.0000000000000007,0.36347228734019155,-0.3868162299252469,-1.0847550815151794,0.118,"1.035530019524342",1.033242833057411,1.0337135063381744,"1.0341776359805597","1.034635147842693","1.0350859673559762","1.035530019524342","1.0359672289235162","1.0363975197002926","1.0368208155718477"
0.34625,1,0.5,"1.036003225174042",1.0000000000000007,0.3654050206868996,-0.3739978118967493,-1.0493576690521988,0.118,"1.036003225174042",1.0336516137198868,1.0341347223632067,"1.0346115094867092","1.035081903637755","1.035545832956275","1.036003225174042","1.0364540076139646","1.03689810718939","1.0373354504034342"
0.34875,1,0.5,"1.0364643213772622",1.0000000000000004,0.36727975696008247,-0.3614353347892264,-1.0148125901661382,0.118,"1.0364643213772622",1.0340498610839877,1.0345451004733373,"1.0350342352316195","1.0355171965190375","1.0359939151069675","1.0364643213772622","1.0369283453215543","1.037385916540608","1.037836964243656"
0.35125,1,0.5,"1.0369135537834024",1.0000000000000004,0.36909763852491223,-0.3491236491289764,-0.9811014109780238,0.118,"1.0369135537834024",1.0344377879951674,1.0349448598364417,"1.0354460388228386","1.035941258652936","1.036430452654418","1.0369135537834024","1.0373904946237784","1.0378612073865707","1.0383256239093097"
0.35374999999999995,1,0.5,"1.0373511618750646",1.0000000000000004,0.37085977900478245,-0.33705773283315205,-0.9482061603198283,0.118,"1.0373511618750646",1.03481560195712,1.0353342141196544,"1.0358471402052314","1.0363543163782092","1.0368556784493264","1.0373511618750646","1.0378407017570148","1.0383242328412619","1.0388016895177836"
0.35624999999999996,1,0.5,"1.0377773791581741",1.0000000000000004,0.3725672641843369,-0.3252326873307145,-0.9161093158777828,0.118,"1.0377773791581741",1.03518350529682,1.0357133716592557,"1.0362377538357987","1.036756590385806","1.0372698195316623","1.0377773791581741","1.0382792068119553","1.038775239700847","1.0392654146933284"
0.35874999999999996,1,0.5,"1.0381924333451225",1.0000000000000002,0.3742211528783192,-0.31364373382482374,-0.884793790823496,0.118,"1.0381924333451225",1.03554169532346,1.036082535624294,"1.0366180888520435","1.037148295892073","1.0376730973087986","1.0381924333451225","1.0387062439218402","1.0392144686370857","1.039717046765768"
0.36124999999999996,1,0.5,"1.0385965465312021",1,0.3758224777677651,-0.3022862096906179,-0.854242920913072,0.118,"1.0385965465312021",1.0358903644815631,1.036441904174179,"1.0369883492341605","1.0375296428056044","1.038065727727109","1.0385965465312021","1.0391220414438085","1.0396421543836933","1.0401568269619454"
0.36374999999999996,1,0.5,"1.0389899353646341",1.0000000000000009,0.37737224620495746,-0.2911555650026947,-0.8244404520353877,0.118,"1.0389899353646341",1.0362297004984966,1.036791670610554,"1.0373487339613139","1.0379008358880337","1.0384479214373306","1.0389899353646341","1.0395268221336718","1.0400585259159485","1.0405849905902425"
0.36624999999999996,1,0.5,"1.0393728112104454",1.0000000000000007,0.378871440988527,-0.2802473591868109,-0.7953705281914919,0.118,"1.0393728112104454",1.036559886526654,1.0371320235236559,"1.0376994371622685","1.0382620749089875","1.0388198839539557","1.0393728112104454","1.0399208033143719","1.040463806623794","1.0410017672184324"
0.36874999999999997,1,0.5,"1.0397453803084713",1.0000000000000007,0.38032102110998595,-0.2695572577906384,-0.7670176798879407,0.118,"1.0397453803084713",1.0368811012805053,1.0374631469334117,"1.0380406482606028","1.0386135547954918","1.0391818158088788","1.0397453803084713","1.0403041970383988","1.040858214478763","1.041407380845166"
0.37124999999999997,1,0.5,"1.0401078439257117",1.0000000000000007,0.38172192247292946,-0.25908102936861505,-0.7393668129276287,0.118,"1.0401078439257117",1.0371935191687438,1.0377852204254776,"1.0383725521147134","1.0389554657760245","1.039533912699585","1.0401078439257117","1.0406772102444108","1.0412419621949378","1.041802050065358"
0.37374999999999997,1,0.5,"1.0404603985032974",1.0000000000000004,0.38307505858607377,-0.2488145424762162,-0.7124031975824664,0.118,"1.0404603985032974",1.0374973104217293,1.0380984192824538,"1.0386953291528593","1.039287993519455","1.0398763656320436","1.0404603985032974","1.0410400449083146","1.041615257384215","1.0421859882297169"
0.37625,1,0.5,"1.0408032357982542",1.0000000000000007,0.3843813212312473,-0.23875376276911892,-0.686112458132874,0.118,"1.0408032357982542",1.0377926412144345,1.0384029146104532,"1.0390091555034364","1.0396113192690866","1.040209361058598","1.0408032357982542","1.0413928981890104","1.0419783027061038","1.042559403598659"
0.37875,1,0.5,"1.041136543020321",1.0000000000000004,0.3856415811073914,-0.22889475020303535,-0.660480562759817,0.118,"1.041136543020321",1.0380796737850502,1.0386988734612275,"1.0393142031206688","1.039925619971984","1.04053308101099","1.041136543020321","1.0417359625690443","1.0423312960122817","1.042922499490842"
0.38125,1,0.5,"1.041460502963994",1.0000000000000007,0.3868566884515874,-0.21923365633009953,-0.6354938137756692,0.118,"1.041460502963994",1.0383585665494726,1.0389864589500277,"1.039610639905924","1.0402310684038083","1.0408477032287735","1.041460502963994","1.0420694259903573","1.0426744304861186","1.0432754744265396"
0.38375,1,0.5,"1.0417752941359864",1.0000000000000007,0.38802747363805534,-0.20976672168794938,-0.6111388381808224,0.118,"1.0417752941359864",1.0386294742117905,1.0392658303693747,"1.0398986298248136","1.0405278332893022","1.0411534012832568","1.0417752941359864","1.042393471985344","1.043007894777388","1.043618522266055"
0.38625,1,0.5,"1.04208109087833",1.0000000000000009,0.38915474775604914,-0.20049027327778118,-0.5874025785335396,0.118,"1.04208109087833",1.0388925478709747,1.0395371432989045,"1.0401783330202636","1.0408160794186365","1.0414503446971897","1.04208109087833","1.042708279803394","1.043331873132329","1.0439518323433823"
0.38875,1,0.5,"1.0423780634872315",1.0000000000000007,0.39023930316751954,-0.1914007221278493,-0.5642722841210751,0.118,"1.0423780634872315",1.0391479351239,1.0398005497114455,"1.0404499059216894","1.0410959677597784","1.0417386990603532","1.0423780634872315","1.0430140245331097","1.0436465455192756","1.0442755895952984"
0.39125,1,0.5,"1.0426663783279042",1.0000000000000009,0.39128191404536306,-0.18249456093902625,-0.54173550242061,0.118,"1.0426663783279042",1.0393957801648508,1.0400561980754808,"1.0407135013504805","1.0413676555670077","1.0420186261412003","1.0426663783279042","1.0433108772203759","1.043952087750015","1.0445899746860783"
0.39375,1,0.5,"1.0429461979455183",1.0000000000000002,0.3922833368930591,-0.17376836180920432,-0.5197800708390401,0.118,"1.0429461979455183",1.0396362238816572,1.0403042334541324,"1.0409692686218892","1.0416312964857795","1.0422902839947394","1.0429461979455183","1.0435990049824218","1.0442486715970418","1.0448951641279949"
0.39625,1,0.5,"1.0432176811724043",1.0000000000000009,0.39324431104644403,-0.165218774033461,-0.49839410872114387,0.118,"1.0432176811724043",1.03986940394858,1.0405447976008142,"1.0412173536434866","1.0418870406540532","1.042553827066761","1.0432176811724043","1.0438785711180634","1.044536464906872","1.045191330397765"
0.39875,1,0.5,"1.043480983231681",1.0000000000000004,0.3941655591583344,-0.15684252197703616,-0.477566009616061,0.118,"1.043480983231681",1.040095454916098,1.040778029051678,"1.0414578990103316","1.0421350348002176","1.042809406294611","1.043480983231681","1.0441497352142508","1.0448156317095811","1.045478642049124"
0.40125,1,0.5,"1.0437362558374352",1.0000000000000007,0.39504778766670223,-0.14863640301832654,-0.4572844337924895,0.118,"1.0437362558374352",1.0403145082976808,1.0410040632149749,"1.0416910440969727","1.042375422337773","1.0430571692045723","1.0437362558374352","1.0444126532490872","1.0450863323246933","1.0457572638216488"
0.40375,1,0.5,"1.0439836472915995",1.0000000000000002,0.39589168724703383,-0.14059728555919435,-0.4375383009933738,0.118,"1.0439836472915995",1.0405266926537002,1.041223032457466,"1.0419169251463773","1.0426083434568645","1.043297260006058","1.0439836472915995","1.0446674776914249","1.0453487234635785","1.0460273567460001"
0.40625,1,0.5,"1.0442233025776186",1.0000000000000007,0.39669793324951624,-0.13272210710003168,-0.41831678342125983,0.118,"1.0442233025776186",1.0407321336725803,1.0414350661879757,"1.042135675355976","1.0428339352128098","1.0435298196826874","1.0442233025776186","1.0449143575972082","1.0456029583284812","1.046289078245694"
0.40875,1,0.5,"1.0444553634510876",1.0000000000000007,0.39746718612163284,-0.125007872377116,-0.39960929894586583,0.118,"1.0444553634510876",1.040930954249268,1.041640290938217,"1.0423474249608433","1.0430523316117302","1.0437549860803912","1.0444553634510876","1.0451534387026513","1.0458491867083237","1.0465425822355703"
0.41125,1,0.5,"1.0446799685274057",1.0000000000000007,0.3982000918167502,-0.11745165155991294,-0.38140550452575434,0.118,"1.0446799685274057",1.0411232745611616,1.0418388304409725,"1.0425523013142077","1.0432636636934005","1.0439728939926425","1.0446799685274057","1.0453848635143999","1.046087555071389","1.0467880192170471"
0.41375,1,0.5,"1.0448972533666367",1.0000000000000009,0.39889728218922627,-0.1100505785060724,-0.36369528983634286,0.118,"1.0448972533666367",1.0413092121415786,1.0420308057057595,"1.042750428965328","1.0434680596113928","1.0441836752429325","1.0448972533666367","1.0456087713967688","1.0463182066550076","1.0470255363703067"
0.41625,1,0.5,"1.0451073505555946",1.0000000000000009,0.39955937537657205,-0.10280184907196716,-0.34646877109678975,0.118,"1.0451073505555946",1.0414888819508525,1.0422163350920317,"1.0429419297348757","1.0436656447106742","1.0443874587646043","1.0451073505555946","1.0458252986561807","1.046541281552375","1.0472552776435242"
0.41874999999999996,1,0.5,"1.0453103897873417",1.000000000000001,0.4001869761691561,-0.095702719476714,-0.3297162850886175,0.118,"1.0453103897873417",1.0416623964451366,1.0423955343800697,"1.0431269227879014","1.0438565416026915","1.0445843706781146","1.0453103897873417","1.0460345786229055","1.046756916796576","1.0474773838392362"
0.42124999999999996,1,0.5,"1.0455064979381388",1.0000000000000004,0.4007806763679294,-0.08875050471770267,-0.31342838335921636,0.118,"1.0455064979381388",1.041829865643047,1.042568516839576,"1.043305524704471","1.0440408702380861","1.0447745343658457","1.0455064979381388","1.0462367417301932","1.046965246441953","1.0476919926979733"
0.42374999999999996,1,0.5,"1.045695799141963",1.0000000000000004,0.40134105513062246,-0.08194257703574002,-0.2975958266036393,0.118,"1.045695799141963",1.0419913971901569,1.0427353932961265,"1.043477849548068","1.0442187479770872","1.044958070544544","1.045695799141963","1.046431915590914","1.0471664016428957","1.0478992389792465"
0.42624999999999996,1,0.5,"1.0458784148626803",1.0000000000000004,0.4018686793068542,-0.07527636442800383,-0.2822095792183851,0.118,"1.0458784148626803",1.0421470964214774,1.0428962721955035,"1.0436440089318424","1.044390289657702","1.045135097335484","1.0458784148626803","1.046620225071778","1.047360510730155","1.048099254539984"
0.42874999999999996,1,0.5,"1.0460544639639549",1.0000000000000004,0.40236410376255893,-0.06874934920706903,-0.2672608040211087,0.118,"1.0460544639639549",1.0422970664219764,1.043051259666025,"1.0438041120827721","1.0445556076617666","1.0453057303324278","1.0460544639639549","1.0468017923652395","1.0475476992847637","1.0482921684105218"
0.43124999999999997,1,0.5,"1.0462240627769954",1.0000000000000007,0.40282787169414325,-0.06235906660433741,-0.2527408571304305,0.118,"1.0462240627769954",1.0424414080852067,1.0432004595789293,"1.043958265903845","1.044714811978929","1.045470082667474","1.0462240627769954","1.04697673705915","1.0477280902096613","1.0484781068682234"
0.43374999999999997,1,0.5,"1.046387325166174",1.0000000000000004,0.40326051493274,-0.056103103416285216,-0.23864128300026768,0.118,"1.046387325166174",1.0425802201701007,1.043343973606877,"1.0441065750342837","1.0448680102686592","1.0456282650748576","1.046387325166174","1.047145176204274","1.0479018037991061","1.0486571935088345"
0.43624999999999997,1,0.5,"1.0465443625926614",1.0000000000000007,0.4036625542389309,-0.04997909669199182,-0.2249538096033149,0.118,"1.0465443625926614",1.0427135993560432,1.0434819012806533,"1.044249141907935","1.0450153079203321","1.0457803859527823","1.0465443625926614","1.0473072243797017","1.0480689578059355","1.048829549315612"
0.43875,1,0.5,"1.0466952841760722",1.0000000000000009,0.4040344995882853,-0.04398473246048813,-0.21167034375851942,0.118,"1.0466952841760722",1.0428416402962248,1.0436143400441324,"1.0443860668098621","1.0451568081114935","1.0459265514233764","1.0466952841760722","1.0474629937562772","1.0482296675067784","1.0489952927263753"
0.44125,1,0.5,"1.0468401967542518",1,0.40437685044805294,-0.03811774449651104,-0.19878296659759748,0.118,"1.0468401967542518",1.0429644356693644,1.0437413853075586,"1.0445174479311974","1.0452926118643149","1.0460668653907863","1.0468401967542518","1.0476125941580754","1.0483840457652742","1.049154539698479"
0.44375,1,0.5,"1.0469792049412507",1.0000000000000007,0.40469009604533,-0.03237591312332092,-0.18628392916583295,0.118,"1.0469792049412507",1.0430820762298887,1.0438631304992052,"1.0446433814223408","1.0454228181003602","1.0462014295975288","1.0469792049412507","1.047756133122023","1.0485322030933777","1.0493074037718342"
0.44625,1,0.5,"1.047112411183534",1.0000000000000004,0.4049747156269961,-0.026757064051278517,-0.17416564815257374,0.118,"1.047112411183534",1.0431946508565606,1.043979667115481,"1.0447639614445485","1.0455475236936758","1.0463303436791394","1.047112411183534","1.0478937159557244","1.0486742477108006","1.0494539961300295"
0.44875,1,0.5,"1.0472399158145091",1.0000000000000009,0.40523117871173614,-0.02125906725094548,-0.16242070174704082,0.118,"1.0472399158145091",1.04330224659966,1.0440910847695166,"1.044879280219968","1.0456668235223057","1.0464537052171685","1.0472399158145091","1.048025445793537","1.048810285602695","1.0495944256596021"
